	7 Game Speed		99 Starting Cash		99 Workshop Attack Discount		99 Workshop Defense Discount		99 Workshop Utility Discount		99 Labs Coin Discount		99 Lab Speed		4 Buy Multiplier		1 More Round Stats		1 Target Priority		1 Card Presets		1 Workshop Respec		100 Damage		99 Attack Speed		99 Critical Factor		80 Range		99 Damage / Meter		50 Super Crit Chance		40 Super Crit Mult		30 Max Rend Armor Multiplier		100 Health		100 Health Regen		100 Defense Absolute		50 Defense %		20 Orbs Speed		20 Land Mine Damage		35 Land Mine Decay		20 Shockwave Size		10 Orb Boss Hit		50 Wall Health		20 Wall Rebuild		10 Wall Regen		20 Wall Thorns		Wall Invincibility		99 Cash Bonus		99 Cash / Wave		99 Coins / Kill Bonus		99 Coins / Wave		99 Interest		15 Max Interest		1 Package After Boss		20 Recovery Package Amount		20 Recovery Package Max		20 Recovery Package Chance		20 Enemy Attack Level Skip		20 Enemy Health Level Skip		20 Missile Despawn Time		1 Missiles Explosion		20 Missile Radius		30 Chrono Field Duration		1 Chrono Field Damage Reduction		30 Chrono Field Reduction %		25 Swamp Radius		1 Swamp Stun		25 Swamp Stun Chance		25 Swamp Stun Time		25 Golden Tower Bonus		20 Golden Tower Duration		1 Chain Lightning Shock		30 Shock Chance		14 Shock Multiplier		10 Death Wave Health		16 Death Wave Coin bonus		20 Inner Mine Blast Radius		20 Inner Mine Rotation Speed		20 Chrono Field Range		25 Missile Amplifier		1 Missile Barrage		6 Missile Barrage Quantity		1 Inner Mine Stun		10 Black Hole Damage		1 Extra Black Hole		20 Blackhole Coin Bonus		20 Spotlight Coin Bonus		18 Spotlight Missiles		4 Second Wind Blast		30 Double Death Ray		1 Extra Orb Adjuster		2 Extra Inner Orbs		2 Energy Shield Extra Hit		30 Super Tower Bonus		1 Unlock Perks		100 Waves Required		1 Auto Pick Perks		25 Standard Perks Bonus		2 Perk Option Quantity		1 First Perk Choice		4 Ban Perks		10 Improve Trade-off Perks		20 Flame Bot Fequency		20 Thunder Bot Fequency		20 Gold Bot Fequency		20 Amp Bot Fequency		30 Common Enemy Health		30 Common Enemy Attack		30 Fast Enemy Health		30 Fast Enemy Attack		30 Fast Enemy Speed		30 Tank Enemy Health		30 Tank Enemy Attack		30 Ranged Enemy Health		30 Ranged Enemy Attack		30 Boss Health		30 Boss Attack		30 Protector Health		30 Protector Radius		20 Protector Damage Reduction	
Lvl	Duration	Cost	Duration	Cost	Duration	Cost	Duration	Cost	Duration	Cost	Duration	Cost	Duration	Cost	Duration	Cost	Duration	Cost	Duration	Cost	Duration	Cost	Duration	Cost	Duration	Cost	Duration	Cost	Duration	Cost	Duration	Cost	Duration	Cost	Duration	Cost	Duration	Cost	Duration	Cost	Duration	Cost	Duration	Cost	Duration	Cost	Duration	Cost	Duration	Cost	Duration	Cost	Duration	Cost	Duration	Cost	Duration	Cost	Duration	Cost	Duration	Cost	Duration	Cost	Duration	Cost	Duration	Cost	Duration	Cost	Duration	Cost	Duration	Cost	Duration	Cost	Duration	Cost	Duration	Cost	Duration	Cost	Duration	Cost	Duration	Cost	Duration	Cost	Duration	Cost	Duration	Cost	Duration	Cost	Duration	Cost	Duration	Cost	Duration	Cost	Duration	Cost	Duration	Cost	Duration	Cost	Duration	Cost	Duration	Cost	Duration	Cost	Duration	Cost	Duration	Cost	Duration	Cost	Duration	Cost	Duration	Cost	Duration	Cost	Duration	Cost	Duration	Cost	Duration	Cost	Duration	Cost	Duration	Cost	Duration	Cost	Duration	Cost	Duration	Cost	Duration	Cost	Duration	Cost	Duration	Cost	Duration	Cost	Duration	Cost	Duration	Cost	Duration	Cost	Duration	Cost	Duration	Cost	Duration	Cost	Duration	Cost	Duration	Cost	Duration	Cost	Duration	Cost	Duration	Cost	Duration	Cost	Duration	Cost	Duration	Cost	Duration	Cost	Duration	Cost	Duration	Cost	Duration	Cost	Duration	Cost	Duration	Cost	Duration	Cost	Duration	Cost	Duration	Cost	Duration	Cost	Duration	Cost	Duration	Cost	Duration	Cost	Duration	Cost	Duration	Cost	Duration	Cost	Duration	Cost	Duration	Cost	Duration	Cost
1	0:09:59	300	0:00:14	30	0:00:14	30	0:00:14	30	0:00:14	30	0:00:19	40	0:00:24	40	0:59:59	2,500	11:59:00	250,000	47:59:00	1,000,000	13:53:00	350,000	61:06:00	3,000,000	0:00:14	30	0:00:14	30	0:00:14	30	0:00:14	30	0:00:14	30	27:46:00	200,000	27:46:00	200,000	83:19:00	200,000,000,000	0:00:14	30	0:00:14	30	0:00:14	30	0:59:59	5,000	1:19:00	15,000	1:39:00	25,000	1:39:00	25,000	2:46:00	100,000	27:46:00	800,000,000	5:33:00	1,000,000,000	13:53:00	1,600,000,000	27:46:00	30,000,000,000	27:46:00	30,000,000,000	83:19:00	300,000,000,000	0:00:14	30	0:00:14	30	0:00:14	30	0:00:14	30	0:00:24	50	0:41:39	250	194:26:00	1,000,000,000	55:33:00	20,000,000,000	55:33:00	20,000,000,000	55:33:00	20,000,000,000	16:39:00	900,000,000	16:39:00	900,000,000	19:59:00	250,000	22:23:00	900,000	38:53:00	800,000	19:59:00	250,000	16:39:00	750,000	19:59:00	250,000	19:59:00	250,000	19:59:00	700,000	19:59:00	250,000	19:59:00	250,000	40:00:00	1,000,000	40:00:00	1,000,000	23:53:00	950,000	20:00:00	250,000	20:00:00	250,000	20:00:00	250,000	20:00:00	250,000	20:00:00	250,000	20:00:00	250,000	20:00:00	250,000	19:59:00	500,000	159:59:00	1,500,000	20:00:00	750,000	333:19:00	250,000,000	39:59:00	20,000,000	416:39:00	15,000,000,000	39:59:00	20,000,000	39:59:00	20,000,000	159:58:12	200,000,000	27:46:00	1,800,000	0:59:59	2,500,000	49:59:00	1,500,000	38:53:00	25,000,000	277:46:00	40,000,000,000	4:59:00	2,000,000,000	83:19:00	1,500,000	1:39:00	100,000	119:26:00	100,000,000	1:39:00	100,000	119:26:00	200,000,000	111:06:00	1,000,000,000	55:33:00	10,000,000	24:59:00	600,000,000	38:53:00	30,000,000	38:53:00	30,000,000	38:53:00	30,000,000	38:53:00	30,000,000	55:33:00	20,000,000,000	55:33:00	20,000,000,000	55:33:00	30,000,000,000	55:33:00	30,000,000,000	66:39:00	60,000,000,000	55:33:00	30,000,000,000	55:33:00	30,000,000,000	55:33:00	30,000,000,000	55:33:00	30,000,000,000	55:33:00	40,000,000,000	55:33:00	40,000,000,000	55:33:00	40,000,000,000	55:33:00	40,000,000,000	66:39:00	80,000,000,000
2	2:29:00	2,500	0:06:24	71	0:06:24	71	0:06:24	71	0:06:24	71	0:09:49	83	0:09:43	83	5:33:00	10,000			192:00:00	1,000,000,000					0:06:24	71	0:06:24	71	0:06:24	71	0:06:24	71	0:06:24	71	41:41:00	401,000	41:41:00	401,000	97:14:00	240,000,000,000	0:06:24	71	0:06:24	71	0:06:24	71	1:51:00	7,500	3:01:00	22,500	5:01:00	40,000	5:01:00	40,000	6:41:00	119,000	36:07:00	1,210,000,000	5:37:00	1,200,000,000	25:01:00	1,910,000,000	33:21:00	35,100,000,000	36:07:00	38,100,000,000	97:14:00	351,000,000,000	0:06:24	71	0:06:24	71	0:06:24	71	0:06:24	71	0:09:54	93	1:09:00	910			63:54:00	25,010,000,000	63:54:00	25,010,000,000	63:54:00	25,010,000,000	25:01:00	1,010,000,000	25:01:00	1,010,000,000	23:21:00	285,000			42:14:00	835,000	23:21:00	285,000			23:21:00	285,000	23:21:00	285,000			23:21:00	285,000	23:21:00	285,000	48:21:00	1,310,000	48:21:00	1,310,000			28:21:00	560,000	28:21:00	560,000	28:21:00	560,000	28:21:00	560,000	28:21:00	560,000	28:21:00	560,000	28:21:00	560,000	28:21:00	860,000			42:14:00	1,660,000			48:21:00	20,810,000			48:21:00	21,405,405	48:21:00	21,405,405	168:20:02	200,313,514	41:39:00	3,000,000	9:21:00	2,810,000			138:53:00	900,000,000	777:46:00	850,000,000,000	13:21:00	3,010,000,000			5:01:00	220,000			5:34:00	280,000	244:26:00	2,000,000,000			111:06:00	100,000,000	38:54:00	700,030,000	47:14:00	60,050,000	47:14:00	60,050,000	47:14:00	60,050,000	47:14:00	60,050,000	63:54:00	40,000,000,000	63:54:00	40,000,000,000	63:54:00	60,010,000,000	63:54:00	60,010,000,000	75:01:00	120,010,000,000	63:54:00	60,010,000,000	63:54:00	60,010,000,000	63:54:00	60,010,000,000	63:54:00	60,010,000,000	63:54:00	80,010,000,000	63:54:00	80,010,000,000	63:54:00	80,010,000,000	63:54:00	80,010,000,000	75:01:00	150,000,000,000
3	9:59:00	12,000	0:16:24	178	0:16:24	178	0:16:24	178	0:16:24	178	0:23:49	210	0:22:59	211	27:46:00	50,000									0:16:24	178	0:16:24	178	0:16:24	178	0:16:24	178	0:16:24	178	55:54:00	625,990	55:51:00	625,990	111:12:00	280,010,000,000	0:16:24	178	0:16:24	178	0:16:24	178	2:51:00	24,000	4:52:00	105,740	8:33:00	231,980	8:33:00	231,980	10:47:00	314,980	44:40:00	1,670,000,000	5:46:00	1,400,000,000	36:20:00	2,230,000,000	39:16:00	40,350,000,000	44:49:00	46,350,000,000	111:29:00	403,030,000,000	0:16:24	178	0:16:24	178	0:16:24	178	0:16:24	178	0:24:09	221	2:08:00	2,130			72:27:00	30,070,000,000	72:27:00	30,070,000,000	72:27:00	30,070,000,000	33:30:00	1,160,000,000	33:30:00	1,160,000,000	26:53:00	496,980			45:46:00	1,050,000	26:53:00	496,980			26:53:00	496,980	26:53:00	496,980			26:53:00	496,980	26:53:00	496,980	56:53:00	1,850,000	56:53:00	1,850,000			36:53:00	1,100,000	36:53:00	1,100,000	36:53:00	1,100,000	36:53:00	1,100,000	36:53:00	1,100,000	36:53:00	1,100,000	36:53:00	1,100,000	36:53:00	1,450,000			64:46:00	2,860,000			56:53:00	21,850,000			56:53:00	23,124,324	56:53:00	23,124,324	176:52:05	200,854,054	55:33:00	4,500,000	17:53:00	3,420,000							21:53:00	4,070,000,000			8:33:00	940,000			9:39:00	1,360,000					222:13:00	1,000,000,000	53:00:00	801,180,000	55:47:00	91,600,000	55:47:00	91,600,000	55:47:00	91,600,000	55:47:00	91,600,000	72:27:00	60,070,000,000	72:27:00	60,070,000,000	72:27:00	90,070,000,000	72:27:00	90,070,000,000	83:34:00	180,070,000,000	72:27:00	90,070,000,000	72:27:00	90,070,000,000	72:27:00	90,070,000,000	72:27:00	90,070,000,000	72:27:00	120,070,000,000	72:27:00	120,070,000,000	72:27:00	120,070,000,000	72:27:00	120,070,000,000	83:34:00	220,070,000,000
4	34:43:00	50,000	0:31:32	398	0:31:32	398	0:31:32	398	0:31:32	398	0:44:32	517	0:42:06	522	55:33:00	500,000									0:31:32	398	0:31:32	398	0:31:32	398	0:31:32	398	0:31:32	398	71:24:00	974,770	71:01:00	974,770	125:13:00	320,030,000,000	0:31:32	398	0:31:32	398	0:31:32	398	4:13:00	90,500	7:08:00	474,530	12:34:00	1,170,000	12:34:00	1,170,000	15:31:00	1,250,000	53:47:00	2,330,000,000	5:59:00	1,600,000,000	48:14:00	2,610,000,000	46:38:00	45,720,000,000	54:58:00	54,720,000,000	127:11:00	455,800,000,000	0:31:32	398	0:31:32	398	0:31:32	398	0:31:32	398	0:45:42	532	4:33:00	4,860			81:34:00	35,330,000,000	81:34:00	30,070,000,000	81:34:00	35,330,000,000	42:19:00	1,430,000,000	42:19:00	1,430,000,000	30:54:00	1,450,000			49:47:00	2,000,000	30:54:00	1,450,000			30:54:00	1,450,000	30:54:00	1,450,000			30:54:00	1,450,000	30:54:00	1,450,000	65:54:00	3,550,000	65:54:00	3,550,000			45:54:00	2,800,000	45:54:00	2,800,000	45:54:00	2,800,000	45:54:00	2,800,000	45:54:00	2,800,000	45:54:00	2,800,000	45:54:00	2,800,000	45:54:00	3,200,000			88:25:00	5,750,000			65:54:00	24,050,000			65:54:00	26,627,027	65:54:00	26,627,027	185:52:41	202,551,351	83:19:00	75,000,000	26:54:00	5,830,000							30:54:00	1,030,000,000			12:34:00	5,260,000			14:14:00	7,840,000					499:59:00	15,000,000,000	67:40:00	910,140,000	64:54:00	132,150,000	64:54:00	132,150,000	64:54:00	132,150,000	64:54:00	132,150,000	81:34:00	80,330,000,000	81:34:00	80,330,000,000	81:34:00	120,330,000,000	81:34:00	120,330,000,000	92:40:00	240,330,000,000	81:34:00	120,330,000,000	81:34:00	120,330,000,000	81:34:00	120,330,000,000	81:34:00	120,330,000,000	81:34:00	160,330,000,000	81:34:00	160,330,000,000	81:34:00	160,330,000,000	81:34:00	160,330,000,000	92:40:00	290,330,000,000
5	91:39:00	150,000	0:52:45	772	0:52:45	772	0:52:45	772	0:52:45	772	1:13:00	1,100	1:08:00	1,120											0:52:45	772	0:52:45	772	0:52:45	772	0:52:45	772	0:52:50	782	89:54:00	1,680,000	88:18:00	1,680,000	139:17:00	360,100,000,000	0:52:45	772	0:52:45	772	0:52:45	772	6:13:00	267,000	10:10:00	1,500,000	17:29:00	3,930,000	17:29:00	3,930,000	21:23:00	4,020,000	63:58:00	3,370,000,000	6:19:00	1,810,000,000	61:11:00	3,040,000,000	57:32:00	51,210,000,000	68:39:00	63,210,000,000	146:26:00	509,190,000,000	0:52:50	782	0:52:50	782	0:52:50	782	0:52:50	782	1:16:00	1,130	9:42:00	10,330			91:44:00	40,970,000,000	91:44:00	40,970,000,000	91:44:00	40,970,000,000	51:38:00	1,940,000,000	51:38:00	1,940,000,000	35:49:00	4,230,000			54:42:00	4,780,000	35:49:00	4,230,000			35:49:00	4,230,000	35:49:00	4,230,000			35:49:00	4,230,000	35:49:00	4,230,000	75:49:00	8,500,000	75:49:00	8,500,000			55:49:00	7,750,000	55:49:00	7,750,000	55:49:00	7,750,000	55:49:00	7,750,000	55:49:00	7,750,000	55:49:00	7,750,000	55:49:00	7,750,000	55:49:00	8,200,000			114:36:00	13,900,000			75:49:00	29,500,000			75:49:00	35,837,838	75:49:00	35,837,838	195:48:22	207,502,703			36:49:00	13,940,000							40:49:00	2,680,000,000			17:29:00	20,980,000			19:42:00	31,420,000							83:24:00	1,050,000,000	75:04:00	201,200,000	75:04:00	201,200,000	75:04:00	201,200,000	75:04:00	201,200,000	91:44:00	100,970,000,000	91:44:00	100,970,000,000	91:44:00	150,970,000,000	91:44:00	150,970,000,000	102:51:00	300,970,000,000	91:44:00	150,970,000,000	91:44:00	150,970,000,000	91:44:00	150,970,000,000	91:44:00	150,970,000,000	91:44:00	200,970,000,000	91:44:00	200,970,000,000	91:44:00	200,970,000,000	91:44:00	200,970,000,000	102:51:00	360,970,000,000
6	337:46:00	500,000	1:20:00	1,340	1:20:00	1,340	1:20:00	1,340	1:20:00	1,340	1:52:00	2,070	1:42:00	2,100											1:20:00	1,340	1:20:00	1,340	1:20:00	1,340	1:20:00	1,340	1:20:00	1,350	113:59:00	3,130,000	109:22:00	3,130,000	153:26:00	400,230,000,000	1:20:00	1,340	1:20:00	1,340	1:20:00	1,340	9:06:00	637,500	14:17:00	3,700,000	23:46:00	10,180,000	23:46:00	10,180,000	29:08:00	10,270,000	75:49:00	5,060,000,000	6:45:00	2,020,000,000	75:49:00	3,550,000,000	75:15:00	56,810,000,000	89:08:00	71,810,000,000	172:28:00	563,130,000,000	1:20:00	1,350	1:20:00	1,350	1:20:00	1,350	1:20:00	1,350	1:58:00	2,110	19:11:00	20,020			103:36:00	47,260,000,000	103:36:00	47,260,000,000	103:36:00	47,260,000,000	61:41:00	2,800,000,000	61:41:00	2,800,000,000	42:06:00	10,500,000			60:59:00	11,050,000	42:06:00	10,500,000			42:06:00	10,500,000	42:06:00	10,500,000			42:06:00	10,500,000	42:06:00	10,500,000	87:06:00	20,290,000	87:06:00	20,290,000			67:06:00	19,540,000	67:06:00	19,540,000	67:06:00	19,540,000	67:06:00	19,540,000	67:06:00	19,540,000	67:06:00	19,540,000	67:06:00	19,540,000	67:06:00	20,040,000			145:23:00	34,080,000			87:06:00	41,790,000			87:06:00	58,248,649	87:06:00	58,248,649	207:05:38	219,286,486			48:06:00	35,250,000							52:06:00	4,970,000,000			23:46:00	63,100,000			26:32:00	94,600,000							100:49:00	1,250,000,000	86:56:00	336,250,000	86:56:00	336,250,000	86:56:00	336,250,000	86:56:00	336,250,000	103:36:00	122,260,000,000	103:36:00	122,260,000,000	103:36:00	182,260,000,000	103:36:00	182,260,000,000	114:43:00	362,260,000,000	103:36:00	182,260,000,000	103:36:00	182,260,000,000	103:36:00	182,260,000,000	103:36:00	182,260,000,000	103:36:00	242,260,000,000	103:36:00	242,260,000,000	103:36:00	242,260,000,000	103:36:00	242,260,000,000	114:43:00	432,260,000,000
7	611:06:00	1,000,000	1:56:00	2,120	1:56:00	2,120	1:56:00	2,120	1:56:00	2,120	2:42:00	3,510	2:25:00	3,580											1:56:00	2,120	1:56:00	2,120	1:56:00	2,120	1:56:00	2,120	1:56:00	2,130	147:10:00	5,940,000	136:18:00	5,940,000	167:40:00	440,450,000,000	1:56:00	2,120	1:56:00	2,120	1:56:00	2,120	13:11:00	1,310,000	19:56:00	7,780,000	31:57:00	22,240,000	31:57:00	22,240,000	39:34:00	22,340,000	90:05:00	7,730,000,000	7:19:00	2,240,000,000	92:51:00	4,150,000,000	104:14:00	62,520,000,000	120:54:00	80,520,000,000	209:48:00	617,580,000,000	1:56:00	2,130	1:56:00	2,130	1:56:00	2,130	1:56:00	2,130	2:53:00	3,590	34:50:00	35,600			117:51:00	54,530,000,000	117:51:00	54,530,000,000	117:51:00	54,530,000,000	72:40:00	4,150,000,000	72:40:00	4,150,000,000	50:17:00	22,580,000			69:10:00	23,130,000	50:17:00	22,580,000			50:17:00	22,580,000	50:17:00	22,580,000			50:17:00	22,580,000	50:17:00	22,580,000	100:17:00	44,330,000	100:17:00	44,330,000			80:17:00	43,580,000	80:17:00	43,580,000	80:17:00	43,580,000	80:17:00	43,580,000	80:17:00	43,580,000	80:17:00	43,580,000	80:17:00	43,580,000	80:17:00	44,130,000							100:17:00	66,330,000			100:17:00	106,162,162	100:17:00	106,162,162	220:17:10	243,329,730			61:17:00	82,060,000							65:17:00	8,230,000,000			31:57:00	156,220,000			35:17:00	234,280,000							120:38:00	1,600,000,000	101:11:00	598,800,000	101:11:00	598,800,000	101:11:00	598,800,000	101:11:00	598,800,000	117:51:00	144,530,000,000	117:51:00	144,530,000,000	117:51:00	214,530,000,000	117:51:00	214,530,000,000	128:58:00	424,530,000,000	117:51:00	214,530,000,000	117:51:00	214,530,000,000	117:51:00	214,530,000,000	117:51:00	214,530,000,000	117:51:00	284,530,000,000	117:51:00	284,530,000,000	117:51:00	284,530,000,000	117:51:00	284,530,000,000	128:58:00	504,530,000,000
8			2:39:00	3,170	2:39:00	3,170	2:39:00	3,170	2:39:00	3,170	3:45:00	5,550	3:17:00	5,670											2:39:00	3,170	2:39:00	3,170	2:39:00	3,170	2:39:00	3,170	2:39:00	3,180	193:53:00	10,970,000	171:41:00	10,970,000	181:57:00	480,810,000,000	2:39:00	3,170	2:39:00	3,170	2:39:00	3,170	18:47:00	2,420,000	27:31:00	14,620,000	42:38:00	43,100,000	42:38:00	43,100,000	53:37:00	43,210,000	107:32:00	11,730,000,000	8:01:00	2,460,000,000	113:06:00	4,860,000,000	150:21:00	68,320,000,000	169:48:00	89,320,000,000	264:15:00	672,500,000,000	2:39:00	3,180	2:39:00	3,180	2:39:00	3,180	2:39:00	3,180	4:02:00	5,680	58:43:00	58,900			135:19:00	63,130,000,000	135:19:00	63,130,000,000	135:19:00	63,130,000,000	84:50:00	6,140,000,000	84:50:00	6,140,000,000	60:58:00	43,470,000			79:52:00	44,020,000	60:58:00	43,470,000			60:58:00	43,470,000	60:58:00	43,470,000			60:58:00	43,470,000	60:58:00	43,470,000	115:58:00	88,160,000	115:58:00	88,160,000			95:58:00	87,410,000	95:58:00	87,410,000	95:58:00	87,410,000	95:58:00	87,410,000	95:58:00	87,410,000	95:58:00	87,410,000	95:58:00	87,410,000	95:58:00	88,010,000							115:58:00	110,660,000			115:58:00	197,870,270	115:58:00	197,870,270	235:57:36	287,156,757			76:58:00	172,670,000							80:58:00	8,540,000,000			42:38:00	336,940,000			46:32:00	505,360,000							143:39:00	2,200,000,000	118:39:00	1,080,000,000	118:39:00	1,080,000,000	118:39:00	1,080,000,000	118:39:00	1,080,000,000	135:19:00	168,130,000,000	135:19:00	168,130,000,000	135:19:00	248,130,000,000	135:19:00	248,130,000,000	146:26:00	488,130,000,000	135:19:00	248,130,000,000	135:19:00	248,130,000,000	135:19:00	248,130,000,000	135:19:00	248,130,000,000	135:19:00	328,130,000,000	135:19:00	328,130,000,000	135:19:00	328,130,000,000	135:19:00	328,130,000,000	146:26:00	578,130,000,000
9			3:31:00	4,510	3:31:00	4,510	3:31:00	4,510	3:31:00	4,510	5:01:00	8,270	4:19:00	8,470											3:31:00	4,510	3:31:00	4,510	3:31:00	4,510	3:31:00	4,510	3:31:00	4,520	259:36:00	19,360,000	218:31:00	19,360,000	196:19:00	521,350,000,000	3:31:00	4,510	3:31:00	4,510	3:31:00	4,510	26:14:00	4,110,000	37:32:00	25,250,000	56:29:00	76,500,000	56:29:00	76,500,000	72:21:00	76,610,000	129:06:00	17,510,000,000	8:51:00	2,700,000,000	137:26:00	5,690,000,000	220:50:00	74,220,000,000	243:03:00	98,220,000,000	343:03:00	727,860,000,000	3:31:00	4,520	3:31:00	4,520	3:31:00	4,520	3:31:00	4,520	5:27:00	8,480	93:10:00	91,940			156:53:00	73,510,000,000	156:53:00	73,510,000,000	156:53:00	73,510,000,000	98:25:00	8,940,000,000	98:25:00	8,940,000,000	74:49:00	76,880,000			93:42:00	77,430,000	74:49:00	76,880,000			74:49:00	76,880,000	74:49:00	76,880,000			74:49:00	76,880,000	74:49:00	76,880,000	134:49:00	161,660,000	134:49:00	161,660,000			114:49:00	160,910,000	114:49:00	160,910,000	114:49:00	160,910,000	114:49:00	160,910,000	114:49:00	160,910,000	114:49:00	160,910,000	114:49:00	160,910,000	114:49:00	161,560,000							134:49:00	184,660,000			134:49:00	358,875,676	134:49:00	358,875,676	254:47:46	360,659,459			95:49:00	332,580,000							99:49:00	14,920,000,000			56:29:00	656,260,000			60:56:00	984,340,000							170:46:00	3,230,000,000	140:13:00	1,910,000,000	140:13:00	1,910,000,000	140:13:00	1,910,000,000	140:13:00	1,910,000,000	156:53:00	193,510,000,000	156:53:00	193,510,000,000	156:53:00	283,510,000,000	156:53:00	283,510,000,000	168:00:00	553,510,000,000	156:53:00	283,510,000,000	156:53:00	283,510,000,000	156:53:00	283,510,000,000	156:53:00	283,510,000,000	156:53:00	373,510,000,000	156:53:00	373,510,000,000	156:53:00	373,510,000,000	156:53:00	373,510,000,000	168:00:00	653,510,000,000
10			4:32:00	6,170	4:32:00	6,170	4:32:00	6,170	4:32:00	6,170	6:31:00	11,790	5:32:00	12,120											4:32:00	6,170	4:32:00	6,170	4:32:00	6,170	4:32:00	6,170	4:32:00	6,180	350:45:00	32,540,000	280:21:00	32,540,000	210:46:00	562,110,000,000	4:32:00	6,170	4:32:00	6,170	4:32:00	6,170	35:54:00	6,580,000	50:28:00	40,900,000	74:11:00	126,910,000	74:11:00	126,910,000	96:54:00	127,020,000	155:45:00	25,540,000,000	9:50:00	2,940,000,000	166:51:00	6,650,000,000	324:24:00	80,220,000,000	349:24:00	107,220,000,000	454:57:00	783,630,000,000	4:32:00	6,180	4:32:00	6,180	4:32:00	6,180	4:32:00	6,180	7:08:00	12,130	140:39:00	136,870			183:31:00	86,140,000,000	183:31:00	86,140,000,000	183:31:00	86,140,000,000	113:39:00	12,730,000,000	113:39:00	12,730,000,000	92:31:00	127,310,000			111:24:00	127,860,000	92:31:00	127,310,000			92:31:00	127,310,000	92:31:00	127,310,000			92:31:00	127,310,000	92:31:00	127,310,000	157:31:00	277,370,000	157:31:00	277,370,000			137:31:00	276,620,000	137:31:00	276,620,000	137:31:00	276,620,000	137:31:00	276,620,000	137:31:00	276,620,000	137:31:00	276,620,000	137:31:00	276,620,000	137:31:00	277,320,000							157:31:00	300,870,000			157:31:00	623,091,892	157:31:00	623,091,892	277:30:29	476,367,568			118:31:00	595,690,000							122:31:00	23,550,000,000			74:11:00	1,180,000,000			79:11:00	1,770,000,000							202:58:00	4,920,000,000	166:51:00	3,250,000,000	166:51:00	3,250,000,000	166:51:00	3,250,000,000	166:51:00	3,250,000,000	183:31:00	221,140,000,000	183:31:00	221,140,000,000	183:31:00	321,140,000,000	183:31:00	321,140,000,000	194:38:00	621,140,000,000	183:31:00	321,140,000,000	183:31:00	321,140,000,000	183:31:00	321,140,000,000	183:31:00	321,140,000,000	183:31:00	421,140,000,000	183:31:00	421,140,000,000	183:31:00	421,140,000,000	183:31:00	421,140,000,000	194:38:00	731,140,000,000
11			5:43:00	8,170	5:43:00	8,170	5:43:00	8,170	5:43:00	8,170	8:17:00	16,200	6:54:00	16,710											5:43:00	8,170	5:43:00	8,170	5:43:00	8,170	5:43:00	8,170	5:43:00	8,180	474:50:00	52,320,000	361:06:00	52,320,000	225:18:00	603,150,000,000	5:43:00	8,170	5:43:00	8,170	5:43:00	8,170	48:07:00	10,020,000	66:50:00	62,990,000	96:29:00	199,600,000	96:29:00	199,600,000	128:31:00	199,720,000			10:59:00	3,200,000,000	202:24:00	7,750,000,000			499:04:00	116,310,000,000			5:43:00	8,180	5:43:00	8,180	5:43:00	8,180	5:43:00	8,180	9:08:00	16,720	203:54:00	195,990			216:17:00	101,550,000,000	216:17:00	101,550,000,000	216:17:00	101,550,000,000	130:49:00	17,710,000,000	130:49:00	17,710,000,000	114:49:00	200,030,000			133:42:00	200,580,000	114:49:00	200,030,000			114:49:00	200,030,000	114:49:00	200,030,000			114:49:00	200,030,000	114:49:00	200,030,000	184:49:00	450,680,000	184:49:00	450,680,000			164:49:00	449,930,000	164:49:00	449,930,000			164:49:00	449,930,000	164:49:00	449,930,000	164:49:00	449,930,000	164:49:00	449,930,000	164:49:00	450,680,000											184:49:00	1,030,000,000	184:49:00	1,030,000,000	304:48:36	649,686,486			145:49:00	1,010,000,000							149:49:00	34,960,000,000			96:29:00	2,000,000,000			102:02:00	3,000,000,000									199:37:00	5,330,000,000	199:37:00	5,330,000,000	199:37:00	5,330,000,000	199:37:00	5,330,000,000	216:17:00	251,550,000,000	216:17:00	251,550,000,000	216:17:00	361,550,000,000	216:17:00	361,550,000,000	227:24:00	691,550,000,000	216:17:00	361,550,000,000	216:17:00	361,550,000,000	216:17:00	361,550,000,000	216:17:00	361,550,000,000	216:17:00	471,550,000,000	216:17:00	471,550,000,000	216:17:00	471,550,000,000	216:17:00	471,550,000,000	227:24:00	811,550,000,000
12			7:03:00	10,560	7:03:00	10,560	7:03:00	10,560	7:03:00	10,560	10:19:00	21,620	8:28:00	22,360											7:03:00	10,560	7:03:00	10,560	7:03:00	10,560	7:03:00	10,560	7:03:00	10,570	640:26:00	80,840,000	465:14:00	80,840,000	239:54:00	644,530,000,000	7:03:00	10,560	7:03:00	10,560	7:03:00	10,560	63:18:00	14,660,000	87:12:00	93,080,000	124:10:00	300,680,000	124:10:00	300,680,000	168:32:00	300,800,000			12:18:00	3,470,000,000	245:12:00	9,020,000,000			703:56:00	125,490,000,000			7:03:00	10,570	7:03:00	10,570	7:03:00	10,570	7:03:00	10,570	11:27:00	22,370	285:48:00	271,720			256:19:00	120,320,000,000	256:19:00	120,320,000,000	256:19:00	120,320,000,000	150:08:00	24,070,000,000	150:08:00	24,070,000,000	142:30:00	301,120,000			161:23:00	301,670,000	142:30:00	301,120,000			142:30:00	301,120,000	142:30:00	301,120,000			142:30:00	301,120,000	142:30:00	301,120,000	217:30:00	700,090,000	217:30:00	700,090,000			197:30:00	699,340,000	197:30:00	699,340,000			197:30:00	699,340,000	197:30:00	699,340,000	197:30:00	699,340,000	197:30:00	699,340,000	197:30:00	700,140,000											217:30:00	1,640,000,000	217:30:00	1,640,000,000	337:29:02	899,091,892			178:30:00	1,620,000,000							182:30:00	45,430,000,000			124:10:00	3,220,000,000			130:16:00	4,830,000,000									239:39:00	8,410,000,000	239:39:00	8,410,000,000	239:39:00	8,410,000,000	239:39:00	8,410,000,000	256:19:00	285,320,000,000	256:19:00	285,320,000,000	256:19:00	405,320,000,000	256:19:00	405,320,000,000	267:25:00	765,320,000,000	256:19:00	405,320,000,000	256:19:00	405,320,000,000	256:19:00	405,320,000,000	256:19:00	405,320,000,000	256:19:00	525,320,000,000	256:19:00	525,320,000,000	256:19:00	525,320,000,000	256:19:00	525,320,000,000	267:25:00	895,320,000,000
13			8:34:00	13,350	8:34:00	13,350	8:34:00	13,350	8:34:00	13,350	12:39:00	28,150	10:12:00	29,200											8:34:00	13,350	8:34:00	13,350	8:34:00	13,350	8:34:00	13,350	8:34:00	13,360	857:12:00	120,670,000	597:38:00	120,670,000	254:36:00	686,310,000,000	8:34:00	13,350	8:34:00	13,350	8:34:00	13,350	81:48:00	20,760,000	112:07:00	132,970,000	158:03:00	437,080,000	158:03:00	437,080,000	218:24:00	437,210,000			13:47:00	3,760,000,000	296:26:00	10,460,000,000			977:29:00	134,760,000,000			8:34:00	13,360	8:34:00	13,360	8:34:00	13,360	8:34:00	13,360	14:06:00	29,210	389:25:00	366,610			304:46:00	143,080,000,000	304:46:00	143,080,000,000	304:46:00	143,080,000,000	171:53:00	32,030,000,000	171:53:00	32,030,000,000	176:23:00	437,550,000			195:16:00	438,100,000	176:23:00	437,550,000			176:23:00	437,550,000	176:23:00	437,550,000			176:23:00	437,550,000	176:23:00	437,550,000	256:23:00	1,050,000,000	256:23:00	1,050,000,000			236:23:00	1,050,000,000	236:23:00	1,050,000,000			236:23:00	1,050,000,000	236:23:00	1,050,000,000	236:23:00	1,050,000,000	236:23:00	1,050,000,000	236:23:00	1,050,000,000											256:23:00	2,520,000,000	256:23:00	2,520,000,000	376:22:48	1,243,243,243			217:23:00	2,490,000,000							221:23:00	64,190,000,000			158:03:00	4,980,000,000			164:43:00	7,470,000,000									288:06:00	12,830,000,000	288:06:00	12,830,000,000	288:06:00	12,830,000,000	288:06:00	12,830,000,000	304:46:00	323,080,000,000	304:46:00	323,080,000,000	304:46:00	453,080,000,000	304:46:00	453,080,000,000	315:53:00	843,080,000,000	304:46:00	453,080,000,000	304:46:00	453,080,000,000	304:46:00	453,080,000,000	304:46:00	453,080,000,000	304:46:00	583,080,000,000	304:46:00	583,080,000,000	304:46:00	583,080,000,000	304:46:00	583,080,000,000	315:53:00	983,080,000,000
14			10:15:00	16,580	10:15:00	16,580	10:15:00	16,580	10:15:00	16,580	15:16:00	35,890	12:07:00	37,340											10:15:00	16,580	10:15:00	16,580	10:15:00	16,580	10:15:00	16,580	10:15:00	16,590	1135:55:00	174,800,000	763:41:00	174,800,000	269:22:00	728,550,000,000	10:15:00	16,580	10:15:00	16,580	10:15:00	16,580	104:02:00	28,590,000	142:10:00	184,610,000	199:01:00	616,620,000	199:01:00	616,620,000	279:38:00	616,750,000			15:26:00	4,070,000,000	357:23:00	12,080,000,000			1334:55:00	144,120,000,000			10:15:00	16,590	10:15:00	16,590	10:15:00	16,590	10:15:00	16,590	17:07:00	37,350	517:39:00	483,330			362:57:00	170,500,000,000	362:57:00	170,500,000,000	362:57:00	170,500,000,000	196:21:00	41,810,000,000	196:21:00	41,810,000,000	217:21:00	617,110,000			236:14:00	617,660,000	217:21:00	617,110,000			217:21:00	617,110,000	217:21:00	617,110,000			217:21:00	617,110,000	217:21:00	617,110,000	302:21:00	1,520,000,000	302:21:00	1,520,000,000			282:21:00	1,520,000,000	282:21:00	1,520,000,000			282:21:00	1,520,000,000	282:21:00	1,520,000,000	282:21:00	1,520,000,000	282:21:00	1,520,000,000	282:21:00	1,520,000,000											302:21:00	3,740,000,000	302:21:00	3,740,000,000	422:20:53	1,718,918,919			263:21:00	3,720,000,000							267:21:00	87,610,000,000			199:01:00	7,430,000,000			206:14:00	11,140,000,000									346:17:00	18,980,000,000	346:17:00	18,980,000,000	346:17:00	18,980,000,000	346:17:00	18,980,000,000	362:57:00	365,500,000,000	362:57:00	365,500,000,000	362:57:00	505,500,000,000	362:57:00	505,500,000,000	374:03:00	925,500,000,000	362:57:00	505,500,000,000	362:57:00	505,500,000,000	362:57:00	505,500,000,000	362:57:00	505,500,000,000	362:57:00	645,500,000,000	362:57:00	645,500,000,000	362:57:00	645,500,000,000	362:57:00	645,500,000,000	374:03:00	1,080,000,000,000
15			12:07:00	20,270	12:07:00	20,270	12:07:00	20,270	12:07:00	20,270	18:13:00	44,940	14:14:00	46,910											12:07:00	20,270	12:07:00	20,270	12:07:00	20,270	12:07:00	20,270	12:07:00	20,280	1488:30:00	246,670,000	969:11:00	246,670,000	284:14:00	771,330,000,000	12:07:00	20,270	12:07:00	20,270	12:07:00	20,270	130:25:00	38,440,000	177:59:00	250,140,000	247:58:00	848,010,000	247:58:00	848,010,000	353:48:00	848,140,000			17:17:00	4,410,000,000	429:22:00	13,890,000,000			1793:09:00	153,560,000,000			12:07:00	20,280	12:07:00	20,280	12:07:00	20,280	12:07:00	20,280	20:31:00	46,920	674:55:00	624,680			432:09:00	203,310,000,000	432:09:00	203,310,000,000	432:09:00	203,310,000,000	223:46:00	53,640,000,000	223:46:00	53,640,000,000	266:18:00	848,510,000			285:11:00	849,060,000	266:18:00	848,510,000			266:18:00	848,510,000	266:18:00	848,510,000			266:18:00	848,510,000	266:18:00	848,510,000	356:18:00	2,140,000,000	356:18:00	2,140,000,000			336:18:00	2,140,000,000					336:18:00	2,140,000,000	336:18:00	2,140,000,000	336:18:00	2,140,000,000	336:18:00	2,140,000,000	336:18:00	2,140,000,000											356:18:00	5,410,000,000	356:18:00	5,410,000,000	476:16:19	2,335,135,135			317:18:00	5,380,000,000							321:18:00	116,420,000,000			247:58:00	10,760,000,000			255:44:00	16,140,000,000									415:29:00	27,340,000,000	415:29:00	27,340,000,000	415:29:00	27,340,000,000	415:29:00	27,340,000,000	432:09:00	413,310,000,000	432:09:00	413,310,000,000	432:09:00	563,310,000,000	432:09:00	563,310,000,000	443:15:00	1,010,000,000,000	432:09:00	563,310,000,000	432:09:00	563,310,000,000	432:09:00	563,310,000,000	432:09:00	563,310,000,000	432:09:00	713,310,000,000	432:09:00	713,310,000,000	432:09:00	713,310,000,000	432:09:00	713,310,000,000	443:15:00	1,170,000,000,000
16			14:10:00	24,440	14:10:00	24,440	14:10:00	24,440	14:10:00	24,440	21:29:00	55,400	16:31:00	58,010											14:10:00	24,440	14:10:00	24,440	14:10:00	24,440	14:10:00	24,440	14:10:00	24,450	1928:01:00	340,200,000	1220:29:00	340,200,000	299:11:00	814,730,000,000	14:10:00	24,440	14:10:00	24,440	14:10:00	24,440	161:22:00	50,650,000	220:12:00	331,900,000	305:49:00	1,140,000,000	305:49:00	1,140,000,000	442:38:00	1,140,000,000			19:18:00	4,760,000,000	513:46:00	15,920,000,000			2370:54:00	163,090,000,000			14:10:00	24,450	14:10:00	24,450	14:10:00	24,450	14:10:00	24,450	24:18:00	58,020					513:46:00	242,270,000,000	513:46:00	242,270,000,000	513:46:00	242,270,000,000	254:27:00	67,760,000,000	254:27:00	67,760,000,000	324:09:00	1,140,000,000			343:03:00	1,140,000,000	324:09:00	1,140,000,000			324:09:00	1,140,000,000	324:09:00	1,140,000,000			324:09:00	1,140,000,000	324:09:00	1,140,000,000	419:09:00	2,950,000,000	419:09:00	2,950,000,000			399:09:00	2,950,000,000					399:09:00	2,950,000,000	399:09:00	2,950,000,000	399:09:00	2,950,000,000	399:09:00	2,950,000,000	399:09:00	2,950,000,000											419:09:00	7,630,000,000	419:09:00	7,630,000,000	539:08:17	3,145,945,946			380:09:00	7,600,000,000							384:09:00	151,390,000,000			305:49:00	15,190,000,000			314:09:00	22,780,000,000									497:06:00	38,450,000,000	497:06:00	38,450,000,000	497:06:00	38,450,000,000	497:06:00	38,450,000,000	513:46:00	467,270,000,000	513:46:00	467,270,000,000	513:46:00	627,270,000,000	513:46:00	627,270,000,000	524:52:00	1,110,000,000,000	513:46:00	627,270,000,000	513:46:00	627,270,000,000	513:46:00	627,270,000,000	513:46:00	627,270,000,000	513:46:00	787,270,000,000	513:46:00	787,270,000,000	513:46:00	787,270,000,000	513:46:00	787,270,000,000	524:52:00	1,280,000,000,000
17			16:25:00	29,130	16:25:00	29,130	16:25:00	29,130	16:25:00	29,130	25:05:00	67,380	19:00:00	70,780											16:25:00	29,130	16:25:00	29,130	16:25:00	29,130	16:25:00	29,130	16:25:00	29,140	2468:42:00	459,820,000	1524:18:00	459,820,000	314:13:00	858,820,000,000	16:25:00	29,130	16:25:00	29,130	16:25:00	29,130	197:18:00	65,570,000	269:26:00	432,430,000	373:34:00	1,510,000,000	373:34:00	1,510,000,000	547:52:00	1,510,000,000			21:32:00	5,140,000,000	612:01:00	18,160,000,000			3088:42:00	172,700,000,000			16:25:00	29,140	16:25:00	29,140	16:25:00	29,140	16:25:00	29,140	28:30:00	70,790					609:15:00	288,200,000,000	609:15:00	288,200,000,000	609:15:00	288,200,000,000	288:40:00	84,420,000,000	288:40:00	84,420,000,000	391:54:00	1,510,000,000			410:48:00	1,510,000,000	391:54:00	1,510,000,000			391:54:00	1,510,000,000	391:54:00	1,510,000,000			391:54:00	1,510,000,000	391:54:00	1,510,000,000	491:54:00	3,980,000,000	491:54:00	3,980,000,000			471:54:00	3,980,000,000							471:54:00	3,980,000,000	471:54:00	3,980,000,000	471:54:00	3,980,000,000	471:54:00	3,980,000,000											491:54:00	10,520,000,000	491:54:00	10,520,000,000	611:53:53	4,172,972,973			452:54:00	10,490,000,000							456:54:00	189,020,000,000			373:34:00	20,970,000,000			382:27:00	31,460,000,000									592:35:00	52,940,000,000	592:35:00	52,940,000,000	592:35:00	52,940,000,000	592:35:00	52,940,000,000	609:15:00	528,200,000,000	609:15:00	528,200,000,000	609:15:00	698,200,000,000	609:15:00	698,200,000,000	620:21:00	1,210,000,000,000	609:15:00	698,200,000,000	609:15:00	698,200,000,000	609:15:00	698,200,000,000	609:15:00	698,200,000,000	609:15:00	868,200,000,000	609:15:00	868,200,000,000	609:15:00	868,200,000,000	609:15:00	868,200,000,000	620:21:00	1,390,000,000,000
18			18:52:00	34,360	18:52:00	34,360	18:52:00	34,360	18:52:00	34,360	29:03:00	80,990	21:41:00	85,340											18:52:00	34,360	18:52:00	34,360	18:52:00	34,360	18:52:00	34,360	18:52:00	34,370	3125:57:00	610,490,000	1887:54:00	610,490,000	329:20:00	903,700,000,000	18:52:00	34,360	18:52:00	34,360	18:52:00	34,360	238:39:00	83,550,000	326:22:00	554,440,000	452:12:00	1,950,000,000	452:12:00	1,950,000,000	671:21:00	1,950,000,000			23:57:00	5,550,000,000	725:40:00	20,640,000,000			3968:56:00	182,400,000,000			18:52:00	34,370	18:52:00	34,370	18:52:00	34,370	18:52:00	34,370	33:07:00	85,350					720:06:00	341,960,000,000	720:06:00	341,960,000,000	720:06:00	341,960,000,000	326:41:00	103,880,000,000	326:41:00	103,880,000,000	470:32:00	1,950,000,000			489:26:00	1,960,000,000	470:32:00	1,950,000,000			470:32:00	1,950,000,000	470:32:00	1,950,000,000			470:32:00	1,950,000,000	470:32:00	1,950,000,000	575:32:00	5,270,000,000	575:32:00	5,270,000,000			555:32:00	5,270,000,000							555:32:00	5,270,000,000	555:32:00	5,270,000,000	555:32:00	5,270,000,000	555:32:00	5,270,000,000											575:32:00	14,230,000,000	575:32:00	14,230,000,000	695:32:17	5,470,270,270			536:32:00	14,210,000,000							540:32:00	238,780,000,000			452:12:00	28,400,000,000			461:39:00	42,600,000,000									703:26:00	71,530,000,000	703:26:00	71,530,000,000	703:26:00	71,530,000,000	703:26:00	71,530,000,000	720:06:00	596,960,000,000	720:06:00	596,960,000,000	720:06:00	776,960,000,000	720:06:00	776,960,000,000	731:13:00	1,320,000,000,000	720:06:00	776,960,000,000	720:06:00	776,960,000,000	720:06:00	776,960,000,000	720:06:00	776,960,000,000	720:06:00	956,960,000,000	720:06:00	956,960,000,000	720:06:00	956,960,000,000	720:06:00	956,960,000,000	731:13:00	1,510,000,000,000
19			21:31:00	40,160	21:31:00	40,160	21:31:00	40,160	21:31:00	40,160	33:33:00	96,310	24:33:00	101,810											21:31:00	40,160	21:31:00	40,160	21:31:00	40,160	21:31:00	40,160	21:31:00	40,170	3916:25:00	797,730,000	2318:58:00	797,730,000	344:33:00	949,440,000,000	21:31:00	40,160	21:31:00	40,160	21:31:00	40,160	285:53:00	105,010,000	391:40:00	700,850,000	542:46:00	2,500,000,000	542:46:00	2,500,000,000	815:00:00	2,500,000,000			26:34:00	5,990,000,000	856:14:00	23,360,000,000			5035:53:00	192,180,000,000			21:31:00	40,170	21:31:00	40,170	21:31:00	40,170	21:31:00	40,170	38:11:00	101,820					847:54:00	404,450,000,000	847:54:00	404,450,000,000	847:54:00	404,450,000,000	368:48:00	126,420,000,000	368:48:00	126,420,000,000	561:06:00	2,500,000,000			580:00:00	2,500,000,000	561:06:00	2,500,000,000			561:06:00	2,500,000,000	561:06:00	2,500,000,000			561:06:00	2,500,000,000	561:06:00	2,500,000,000	671:06:00	6,880,000,000	671:06:00	6,880,000,000			651:06:00	6,880,000,000							651:06:00	6,880,000,000	651:06:00	6,880,000,000	651:06:00	6,880,000,000	651:06:00	6,880,000,000											671:05:31	18,930,000,000	671:05:31	18,930,000,000					632:06:00	18,900,000,000							636:06:00	297,270,000,000			542:46:00	37,790,000,000			552:46:00	56,690,000,000									831:14:00	95,050,000,000	831:14:00	95,050,000,000	831:14:00	95,050,000,000	831:14:00	95,050,000,000	847:54:00	674,450,000,000	847:54:00	674,450,000,000	847:54:00	864,450,000,000	847:54:00	864,450,000,000	859:01:00	1,430,000,000,000	847:54:00	864,450,000,000	847:54:00	864,450,000,000	847:54:00	864,450,000,000	847:54:00	864,450,000,000	847:54:00	1,050,000,000,000	847:54:00	1,050,000,000,000	847:54:00	1,050,000,000,000	847:54:00	1,050,000,000,000	859:01:00	1,630,000,000,000
20			24:22:00	46,540	24:22:00	46,540	24:22:00	46,540	24:22:00	46,540	38:05:00	113,450	27:36:00	120,310											24:22:00	46,540	24:22:00	46,540	24:22:00	46,540	24:22:00	46,540	24:22:00	46,550	4857:55:00	1,030,000,000	2825:41:00	1,030,000,000	359:52:00	996,160,000,000	24:22:00	46,540	24:22:00	46,540	24:22:00	46,540	339:26:00	130,350,000	466:10:00	874,760,000	646:20:00	3,150,000,000	646:20:00	3,150,000,000	980:49:00	3,150,000,000			29:24:00	6,460,000,000	1005:23:00	26,330,000,000			6315:46:00	202,030,000,000			24:22:00	46,550	24:22:00	46,550	24:22:00	46,550	24:22:00	46,550	43:43:00	120,320					994:16:00	476,600,000,000	994:16:00	476,600,000,000	994:16:00	476,600,000,000	415:19:00	152,290,000,000	415:19:00	152,290,000,000	664:40:00	3,150,000,000			683:33:00	3,150,000,000	664:40:00	3,150,000,000			664:40:00	3,150,000,000	664:40:00	3,150,000,000			664:40:00	3,150,000,000	664:40:00	3,150,000,000	779:40:00	8,840,000,000	779:40:00	8,840,000,000			759:40:00	8,840,000,000							759:40:00	8,840,000,000	759:40:00	8,840,000,000	759:40:00	8,840,000,000	759:40:00	8,840,000,000											779:40:00	24,800,000,000	779:40:00	24,800,000,000					740:40:00	24,770,000,000							744:40:00	365,420,000,000			646:20:00	49,520,000,000			656:53:00	74,290,000,000									977:36:00	124,400,000,000	977:36:00	124,400,000,000	977:36:00	124,400,000,000	977:36:00	124,400,000,000	994:16:00	761,600,000,000	994:16:00	761,600,000,000	994:16:00	961,600,000,000	994:16:00	961,600,000,000	1005:23:00	1,560,000,000,000	994:16:00	961,600,000,000	994:16:00	961,600,000,000	994:16:00	961,600,000,000	994:16:00	961,600,000,000	994:16:00	1,160,000,000,000	994:16:00	1,160,000,000,000	994:16:00	1,160,000,000,000	994:16:00	1,160,000,000,000	1005:23:00	1,770,000,000,000
21			27:26:00	53,530	27:26:00	53,530	27:26:00	53,530	27:26:00	53,530	43:11:00	132,510	30:50:00	140,970											27:26:00	53,530	27:26:00	53,530	27:26:00	53,530	27:26:00	53,530	27:27:00	53,540	5969:31:00	1,310,000,000	3416:39:00	1,310,000,000	375:16:00	1,040,000,000,000	27:26:00	53,530	27:26:00	53,530	27:26:00	53,530	399:46:00	160,040,000					763:59:00	3,930,000,000					32:26:00	6,970,000,000									27:27:00	53,540	27:27:00	53,540	27:27:00	53,540	27:27:00	53,540	49:43:00	140,980																					782:19:00	3,930,000,000			782:19:00	3,930,000,000	782:19:00	3,930,000,000			782:19:00	3,930,000,000	782:19:00	3,930,000,000	902:19:00	11,220,000,000					882:19:00	11,220,000,000													882:19:00	11,220,000,000																			863:19:00	32,010,000,000							867:19:00	439,950,000,000			763:59:00	64,000,000,000			775:06:00	96,000,000,000																	1160:52:00	859,420,000,000	1160:52:00	859,420,000,000	1160:52:00	1,070,000,000,000	1160:52:00	1,070,000,000,000	1171:58:00	1,700,000,000,000	1160:52:00	1,070,000,000,000	1160:52:00	1,070,000,000,000	1160:52:00	1,070,000,000,000	1160:52:00	1,070,000,000,000	1160:52:00	1,280,000,000,000	1160:52:00	1,280,000,000,000	1160:52:00	1,280,000,000,000	1160:52:00	1,280,000,000,000		
22			30:44:00	61,160	30:44:00	61,160	30:44:00	61,160	30:44:00	61,160	48:40:00	153,580	34:16:00	163,910											30:44:00	61,160	30:44:00	61,160	30:44:00	61,160	30:44:00	61,160	30:44:00	61,170	7271:32:00	1,640,000,000	4101:01:00	1,640,000,000	390:45:00	1,090,000,000,000	30:44:00	61,160	30:44:00	61,160	30:44:00	61,160	467:22:00	194,520,000					896:52:00	4,850,000,000					35:42:00	7,510,000,000									30:44:00	61,170	30:44:00	61,170	30:44:00	61,170	30:44:00	61,170	56:12:00	163,920																					915:12:00	4,850,000,000			915:12:00	4,850,000,000	915:12:00	4,850,000,000			915:12:00	4,850,000,000	915:12:00	4,850,000,000	1040:12:00	14,080,000,000					1020:12:00	14,080,000,000													1020:12:00	14,080,000,000																			1001:12:00	40,850,000,000							1005:12:00	530,460,000,000			896:53:00	81,680,000,000			908:32:00	122,530,000,000																	1349:26:00	968,940,000,000	1349:26:00	968,940,000,000	1349:26:00	1,190,000,000,000	1349:26:00	1,190,000,000,000	1360:33:00	1,850,000,000,000	1349:26:00	1,190,000,000,000	1349:26:00	1,190,000,000,000	1349:26:00	1,190,000,000,000	1349:26:00	1,190,000,000,000	1349:26:00	1,410,000,000,000	1349:26:00	1,410,000,000,000	1349:26:00	1,410,000,000,000	1349:26:00	1,410,000,000,000		
23			34:14:00	69,460	34:14:00	69,460	34:14:00	69,460	34:14:00	69,460	54:34:00	176,770	37:54:00	189,260											34:14:00	69,460	34:14:00	69,460	34:14:00	69,460	34:14:00	69,460	34:14:00	69,470	8785:32:00	2,040,000,000	4888:18:00	2,040,000,000	406:21:00	1,140,000,000,000	34:14:00	69,460	34:14:00	69,460	34:14:00	69,460	542:40:00	234,290,000					1046:07:00	5,920,000,000					39:10:00	8,090,000,000									34:14:00	69,470	34:14:00	69,470	34:14:00	69,470	34:14:00	69,470	63:11:00	189,270																					1064:27:00	5,920,000,000			1064:27:00	5,920,000,000	1064:27:00	5,920,000,000			1064:27:00	5,920,000,000	1064:27:00	5,920,000,000	1194:27:00	17,480,000,000					1174:27:00	17,480,000,000													1174:27:00	17,480,000,000																			1155:27:00	51,550,000,000							1159:27:00	633,740,000,000			1046:07:00	103,070,000,000			1058:20:00	154,610,000,000																	1561:45:00	1,090,000,000,000	1561:45:00	1,090,000,000,000	1561:45:00	1,320,000,000,000	1561:45:00	1,320,000,000,000	1572:52:00	2,010,000,000,000	1561:45:00	1,320,000,000,000	1561:45:00	1,320,000,000,000	1561:45:00	1,320,000,000,000	1561:45:00	1,320,000,000,000	1561:45:00	1,550,000,000,000	1561:45:00	1,550,000,000,000	1561:45:00	1,550,000,000,000	1561:45:00	1,550,000,000,000		
24			37:58:00	78,430	37:58:00	78,430	37:58:00	78,430	37:58:00	78,430	60:54:00	202,170	41:42:00	217,150											37:58:00	78,430	37:58:00	78,430	37:58:00	78,430	37:58:00	78,430	37:58:00	78,440	10534:21:00	2,520,000,000	5788:34:00	2,520,000,000	422:02:00	1,190,000,000,000	37:58:00	78,430	37:58:00	78,430	37:58:00	78,430	626:12:00	279,880,000					1212:56:00	7,170,000,000					42:53:00	8,720,000,000									37:58:00	78,440	37:58:00	78,440	37:58:00	78,440	37:58:00	78,440	70:41:00	217,160																					1231:16:00	7,170,000,000			1231:16:00	7,170,000,000	1231:16:00	7,170,000,000			1231:16:00	7,170,000,000	1231:16:00	7,170,000,000	1366:16:00	21,490,000,000					1346:16:00	21,490,000,000													1346:16:00	21,490,000,000																			1327:16:00	64,370,000,000							1331:16:00	750,900,000,000			1212:56:00	128,370,000,000			1225:42:00	193,090,000,000																	1799:39:00	1,230,000,000,000	1799:39:00	1,230,000,000,000	1799:39:00	1,470,000,000,000	1799:39:00	1,470,000,000,000	1810:46:00	2,190,000,000,000	1799:39:00	1,470,000,000,000	1799:39:00	1,470,000,000,000	1799:39:00	1,470,000,000,000	1799:39:00	1,470,000,000,000	1799:39:00	1,710,000,000,000	1799:39:00	1,710,000,000,000	1799:39:00	1,710,000,000,000	1799:39:00	1,710,000,000,000		
25			41:56:00	88,120	41:56:00	88,120	41:56:00	88,120	41:56:00	88,120	67:39:00	229,870	45:42:00	247,700											41:56:00	88,120	41:56:00	88,120	41:56:00	88,120	41:56:00	88,120	41:56:00	88,130	12542:05:00	3,070,000,000	6812:18:00	3,070,000,000	437:48:00	1,250,000,000,000	41:56:00	88,120	41:56:00	88,120	41:56:00	88,120	718:25:00	331,820,000					1398:30:00	8,610,000,000					46:49:00	9,390,000,000									41:56:00	88,130	41:56:00	88,130	41:56:00	88,130	41:56:00	88,130	78:44:00	247,710																					1416:50:00	8,610,000,000			1416:50:00	8,610,000,000	1416:50:00	8,610,000,000			1416:50:00	8,610,000,000	1416:50:00	8,610,000,000	1556:50:00	26,190,000,000					1536:50:00	26,190,000,000													1536:50:00	26,190,000,000																			1517:50:00	79,640,000,000							1521:50:00	878,790,000,000			1398:30:00	159,250,000,000			1411:50:00	238,880,000,000																	2065:02:00	1,380,000,000,000	2065:02:00	1,380,000,000,000	2065:02:00	1,630,000,000,000	2065:02:00	1,630,000,000,000	2076:09:00	2,380,000,000,000	2065:02:00	1,630,000,000,000	2065:02:00	1,630,000,000,000	2065:02:00	1,630,000,000,000	2065:02:00	1,630,000,000,000	2065:02:00	1,880,000,000,000	2065:02:00	1,880,000,000,000	2065:02:00	1,880,000,000,000	2065:02:00	1,880,000,000,000		
26			46:07:00	98,530	46:07:00	98,530	46:07:00	98,530	46:07:00	98,530	74:51:00	259,970	49:54:00	281,050											46:07:00	98,530	46:07:00	98,530	46:07:00	98,530	46:07:00	98,530	46:07:00	98,540	14834:10:00	3,720,000,000	7970:29:00	3,720,000,000	453:41:00	1,300,000,000,000	46:07:00	98,530	46:07:00	98,530	46:07:00	98,530	819:49:00	390,670,000					1604:05:00	10,260,000,000					50:59:00	10,100,000,000									46:07:00	98,540	46:07:00	98,540	46:07:00	98,540	46:07:00	98,540	87:19:00	281,060																					1622:25:00	10,260,000,000			1622:25:00	10,260,000,000															1747:25:00	31,660,000,000																																	1728:25:00	97,670,000,000							1732:25:00	1,030,000,000,000			1604:05:00	195,320,000,000																					2359:49:00	1,550,000,000,000	2359:49:00	1,550,000,000,000	2359:49:00	1,810,000,000,000	2359:49:00	1,810,000,000,000	2370:56:00	2,590,000,000,000	2359:49:00	1,810,000,000,000	2359:49:00	1,810,000,000,000	2359:49:00	1,810,000,000,000	2359:49:00	1,810,000,000,000	2359:49:00	2,070,000,000,000	2359:49:00	2,070,000,000,000	2359:49:00	2,070,000,000,000	2359:49:00	2,070,000,000,000		
27			50:33:00	109,700	50:33:00	109,700	50:33:00	109,700	50:33:00	109,700	82:29:00	292,560	54:16:00	317,310											50:33:00	109,700	50:33:00	109,700	50:33:00	109,700	50:33:00	109,700	50:33:00	109,710	17437:16:00	4,480,000,000	9274:31:00	4,480,000,000	469:39:00	1,360,000,000,000	50:33:00	109,700	50:33:00	109,700	50:33:00	109,700	930:55:00	457,020,000					1830:57:00	12,140,000,000					55:23:00	10,870,000,000									50:33:00	109,710	50:33:00	109,710	50:33:00	109,710	50:33:00	109,710	96:27:00	317,320																					1849:17:00	12,150,000,000			1849:17:00	12,150,000,000															1979:17:00	37,990,000,000																																	1960:17:00	118,820,000,000							1964:17:00	1,190,000,000,000			1830:57:00	237,630,000,000																					2686:00:00	1,730,000,000,000	2686:00:00	1,730,000,000,000	2686:00:00	2,000,000,000,000	2686:00:00	2,000,000,000,000	2697:07:00	2,810,000,000,000	2686:00:00	2,000,000,000,000	2686:00:00	2,000,000,000,000	2686:00:00	2,000,000,000,000	2686:00:00	2,000,000,000,000	2686:00:00	2,270,000,000,000	2686:00:00	2,270,000,000,000	2686:00:00	2,270,000,000,000	2686:00:00	2,270,000,000,000		
28			55:13:00	121,650	55:13:00	121,650	55:13:00	121,650	55:13:00	121,650	90:36:00	327,730	58:50:00	356,620											55:13:00	121,650	55:13:00	121,650	55:13:00	121,650	55:13:00	121,650	55:13:00	121,660	20379:26:00	5,340,000,000	10736:21:00	5,340,000,000	485:44:00	1,420,000,000,000	55:13:00	121,650	55:13:00	121,650	55:13:00	121,650	1052:13:00	531,490,000					2080:21:00	14,280,000,000					60:01:00	11,690,000,000									55:13:00	121,660	55:13:00	121,660	55:13:00	121,660	55:13:00	121,660	106:09:00	356,630																					2098:41:00	14,290,000,000			2098:41:00	14,290,000,000															2233:41:00	45,280,000,000																																	2214:41:00	143,500,000,000							2218:41:00	1,380,000,000,000			2080:21:00	286,980,000,000																					3045:37:00	1,930,000,000,000	3045:37:00	1,930,000,000,000	3045:37:00	2,210,000,000,000	3045:37:00	2,210,000,000,000	3056:43:00	3,050,000,000,000	3045:37:00	2,210,000,000,000	3045:37:00	2,210,000,000,000	3045:37:00	2,210,000,000,000	3045:37:00	2,210,000,000,000	3045:37:00	2,490,000,000,000	3045:37:00	2,490,000,000,000	3045:37:00	2,490,000,000,000	3045:37:00	2,490,000,000,000		
29			60:08:00	134,390	60:08:00	134,390	60:08:00	134,390	60:08:00	134,390	99:11:00	365,580	63:34:00	399,110											60:08:00	134,390	60:08:00	134,390	60:08:00	134,390	60:08:00	134,390	60:08:00	134,400	23690:01:00	6,340,000,000	12368:18:00	6,340,000,000	501:54:00	1,480,000,000,000	60:08:00	134,390	60:08:00	134,390	60:08:00	134,390	1184:13:00	614,700,000					2353:38:00	16,700,000,000					64:55:00	12,570,000,000									60:08:00	134,400	60:08:00	134,400	60:08:00	134,400	60:08:00	134,400	116:27:00	399,120																					2371:58:00	16,700,000,000			2371:58:00	16,700,000,000															2511:58:00	53,620,000,000																																	2492:58:00	172,110,000,000							2496:58:00	1,580,000,000,000			2353:38:00	344,210,000,000																					3440:43:00	2,160,000,000,000	3440:43:00	2,160,000,000,000	3440:43:00	2,450,000,000,000	3440:43:00	2,450,000,000,000	3451:50:00	3,320,000,000,000	3440:43:00	2,450,000,000,000	3440:43:00	2,450,000,000,000	3440:43:00	2,450,000,000,000	3440:43:00	2,450,000,000,000	3440:43:00	2,740,000,000,000	3440:43:00	2,740,000,000,000	3440:43:00	2,740,000,000,000	3440:43:00	2,740,000,000,000		
30			65:18:00	147,950	65:18:00	147,950	65:18:00	147,950	65:18:00	147,950	108:14:00	406,200	68:30:00	444,900											65:18:00	147,950	65:18:00	147,950	65:18:00	147,950	65:18:00	147,950	65:18:00	147,960	27399:40:00	7,480,000,000	14183:14:00	7,480,000,000	518:10:00	1,540,000,000,000	65:18:00	147,950	65:18:00	147,950	65:18:00	147,950	1327:27:00	707,330,000					2652:08:00	19,420,000,000					70:03:00	13,500,000,000									65:18:00	147,960	65:18:00	147,960	65:18:00	147,960	65:18:00	147,960	127:21:00	444,910																					2670:28:00	19,420,000,000			2670:28:00	19,420,000,000															2815:28:00	63,130,000,000																																	2796:28:00	205,120,000,000							2800:28:00	1,800,000,000,000			2652:08:00	410,230,000,000																					3873:28:00	2,400,000,000,000	3873:28:00	2,400,000,000,000	3873:28:00	2,700,000,000,000	3873:28:00	2,700,000,000,000	3884:35:00	3,600,000,000,000	3873:28:00	2,700,000,000,000	3873:28:00	2,700,000,000,000	3873:28:00	2,700,000,000,000	3873:28:00	2,700,000,000,000	3873:28:00	3,000,000,000,000	3873:28:00	3,000,000,000,000	3873:28:00	3,000,000,000,000	3873:28:00	3,000,000,000,000		
31			70:43:00	162,350	70:43:00	162,350	70:43:00	162,350	70:43:00	162,350	117:47:00	449,660	73:37:00	494,140											70:43:00	162,350	70:43:00	162,350	70:43:00	162,350	70:43:00	162,350	70:43:00	162,360	31540:26:00	8,700,000,000	16194:26:00	8,770,000,000			70:43:00	162,350	70:43:00	162,350	70:43:00	162,350	1482:27:00	810,050,000					2977:12:00	22,470,000,000					75:26:00	14,490,000,000									70:43:00	162,360	70:43:00	162,360	70:43:00	162,360	70:43:00	162,360	138:51:00	494,150																																																																																							2977:12:00	486,000,000,000																																																
32			76:23:00	177,620	76:23:00	177,620	76:23:00	177,620	76:23:00	177,620	127:50:00	496,070	78:54:00	546,930											76:23:00	177,620	76:23:00	177,620	76:23:00	177,620	76:23:00	177,620	76:23:00	177,630	36145:41:00	10,230,000,000	18415:41:00	10,230,000,000			76:23:00	177,620	76:23:00	177,620	76:23:00	177,620	1649:43:00	923,570,000					3330:14:00	25,870,000,000					81:04:00	15,550,000,000									76:23:00	177,630	76:23:00	177,630	76:23:00	177,630	76:23:00	177,630	150:58:00	546,940																																																																																							3330:14:00	572,590,000,000																																																
33			82:18:00	193,780	82:18:00	193,780	82:18:00	193,780	82:18:00	193,780	138:23:00	545,500	84:23:00	603,430											82:18:00	193,780	82:18:00	193,780	82:18:00	193,780	82:18:00	193,780	82:19:00	193,790	41250:09:00	11,870,000,000	20861:11:00	11,870,000,000			82:18:00	193,780	82:18:00	193,780	82:18:00	193,780	1829:48:00	1,050,000,000					3712:37:00	29,660,000,000					86:58:00	16,670,000,000									82:19:00	193,790	82:19:00	193,790	82:19:00	193,790	82:19:00	193,790	163:44:00	603,440																																																																																							3712:37:00	671,090,000,000																																																
34			88:30:00	210,830	88:30:00	210,830	88:30:00	210,830	88:30:00	210,830	149:28:00	598,050	90:02:00	663,760											88:30:00	210,830	88:30:00	210,830	88:30:00	210,830	88:30:00	210,830	88:30:00	210,840	46889:56:00	13,720,000,000	23545:41:00	13,720,000,000			88:30:00	210,830	88:30:00	210,830	88:30:00	210,830	2023:15:00	1,190,000,000					4125:49:00	33,850,000,000					93:08:00	17,860,000,000									88:30:00	210,840	88:30:00	210,840	88:30:00	210,840	88:30:00	210,840	177:08:00	663,770																																																																																							4125:49:00	782,710,000,000																																																
35			94:57:00	228,820	94:57:00	228,820	94:57:00	228,820	94:57:00	228,820	161:03:00	653,790	95:52:00	728,050											94:57:00	228,820	94:57:00	228,820	94:57:00	228,820	94:57:00	228,820	94:57:00	228,830	53102:32:00	15,780,000,000	26484:18:00	15,780,000,000			94:57:00	228,820	94:57:00	228,820	94:57:00	228,820	2230:36:00	1,340,000,000					4571:16:00	38,490,000,000					99:33:00	19,120,000,000									94:57:00	228,830	94:57:00	228,830	94:57:00	228,830	94:57:00	228,830	191:12:00	728,060																																																																																							4571:16:00	908,710,000,000																																																
36			101:40:00	247,760	101:40:00	247,760	101:40:00	247,760	101:40:00	247,760	173:11:00	712,810	101:52:00	796,430											101:40:00	247,760	101:40:00	247,760	101:40:00	247,760	101:40:00	247,760	101:40:00	247,770	59926:49:00	18,080,000,000	29692:42:00	18,080,000,000			101:40:00	247,760	101:40:00	247,760	101:40:00	247,760	2452:25:00	1,500,000,000											106:15:00	20,460,000,000									101:40:00	247,770	101:40:00	247,770	101:40:00	247,770	101:40:00	247,770	205:56:00	796,440																																																																																							5050:27:00	1,050,000,000,000																																																
37			108:40:00	267,660	108:40:00	267,660	108:40:00	267,660	108:40:00	267,660	185:52:00	775,190	108:04:00	869,040											108:40:00	267,660	108:40:00	267,660	108:40:00	267,660	108:40:00	267,660	108:40:00	267,670	67403:04:00	20,640,000,000	33186:58:00	20,640,000,000			108:40:00	267,660	108:40:00	267,660	108:40:00	267,660	2689:14:00	1,680,000,000											113:13:00	21,870,000,000									108:40:00	267,670	108:40:00	267,670	108:40:00	267,670	108:40:00	267,670	221:22:00	869,050																																																																																							5564:51:00	1,210,000,000,000																																																
38			115:55:00	288,560	115:55:00	288,560	115:55:00	288,560	115:55:00	288,560	199:06:00	841,010	114:25:00	946,010											115:55:00	288,560	115:55:00	288,560	115:55:00	288,560	115:55:00	288,560	115:55:00	288,570	75572:58:00	23,480,000,000	36983:41:00	23,480,000,000			115:55:00	288,560	115:55:00	288,560	115:55:00	288,560	2941:37:00	1,870,000,000											120:27:00	23,360,000,000									115:55:00	288,570	115:55:00	288,570	115:55:00	288,570	115:55:00	288,570	237:29:00	946,020																																																																																							6116:01:00	1,390,000,000,000																																																
39			123:28:00	310,470	123:28:00	310,470	123:28:00	310,470	123:28:00	310,470	212:53:00	910,340	120:57:00	1,030,000											123:28:00	310,470	123:28:00	310,470	123:28:00	310,470	123:28:00	310,470	123:28:00	310,480	84479:34:00	26,610,000,000	41099:51:00	26,610,000,000			123:28:00	310,470	123:28:00	310,470	123:28:00	310,470	3210:08:00	2,090,000,000											127:58:00	24,940,000,000									123:28:00	310,480	123:28:00	310,480	123:28:00	310,480	123:28:00	310,480	254:18:00	1,030,000																																																																																							6705:29:00	1,580,000,000,000																																																
40			131:17:00	333,400	131:17:00	333,400	131:17:00	333,400	131:17:00	333,400	227:14:00	983,280	127:40:00	1,110,000											131:17:00	333,400	131:17:00	333,400	131:17:00	333,400	131:17:00	333,400	131:17:00	333,410	94167:26:00	30,070,000,000	45553:01:00	30,070,000,000			131:17:00	333,400	131:17:00	333,400	131:17:00	333,400	3480:21:00	2,310,000,000											135:45:00	26,600,000,000									131:17:00	333,410	131:17:00	333,410	131:17:00	333,410	131:17:00	333,410	271:50:00	1,110,000																																																																																							7334:48:00	1,800,000,000,000																																																
41			139:24:00	357,390	139:24:00	357,390	139:24:00	357,390	139:24:00	357,390	242:10:00	1,060,000	134:32:00	1,200,000											139:24:00	357,390	139:24:00	357,390	139:24:00	357,390	139:24:00	357,390	139:24:00	357,400	104682:29:00	33,870,000,000					139:24:00	357,390	139:24:00	357,390	139:24:00	357,390	3797:50:00	2,560,000,000											143:50:00	28,360,000,000									139:24:00	357,400	139:24:00	357,400	139:24:00	357,400	139:24:00	357,400	290:06:00	1,200,000																																																																																							8005:33:00	2,050,000,000,000																																																
42			147:47:00	382,450	147:47:00	382,450	147:47:00	382,450	147:47:00	382,450	257:41:00	1,140,000	141:35:00	1,300,000											147:47:00	382,450	147:47:00	382,450	147:47:00	382,450	147:47:00	382,450	147:47:00	382,460	116072:04:00	38,030,000,000					147:47:00	382,450	147:47:00	382,450	147:47:00	382,450	4118:11:00	2,830,000,000											152:12:00	30,200,000,000									147:47:00	382,460	147:47:00	382,460	147:47:00	382,460	147:47:00	382,460	309:06:00	1,300,000																																																																																							8719:21:00	2,320,000,000,000																																																
43			156:28:00	408,600	156:28:00	408,600	156:28:00	408,600	156:28:00	408,600	273:48:00	1,220,000	148:48:00	1,400,000											156:28:00	408,600	156:28:00	408,600	156:28:00	408,600	156:28:00	408,600	156:28:00	408,610	128385:02:00	42,600,000,000					156:28:00	408,600	156:28:00	408,600	156:28:00	408,600	4456:58:00	3,110,000,000											160:51:00	32,140,000,000									156:28:00	408,610	156:28:00	408,610	156:28:00	408,610	156:28:00	408,610	328:52:00	1,400,000																																																																																							9477:49:00	2,610,000,000,000																																																
44			165:26:00	435,870	165:26:00	435,870	165:26:00	435,870	165:26:00	435,870	290:30:00	1,310,000	156:11:00	1,510,000											165:26:00	435,870	165:26:00	435,870	165:26:00	435,870	165:26:00	435,870	165:26:00	435,880	141671:38:00	47,580,000,000					165:26:00	435,870	165:26:00	435,870	165:26:00	435,870	4814:46:00	3,420,000,000											169:47:00	34,170,000,000									165:26:00	435,880	165:26:00	435,880	165:26:00	435,880	165:26:00	435,880	349:23:00	1,510,000																																																																																							10282:35:00	2,940,000,000,000																																																
45			174:42:00	464,260	174:42:00	464,260	174:42:00	464,260	174:42:00	464,260	307:50:00	1,400,000	163:44:00	1,620,000											174:42:00	464,260	174:42:00	464,260	174:42:00	464,260	174:42:00	464,260	174:42:00	464,270	155983:36:00	53,000,000,000					174:42:00	464,260	174:42:00	464,260	174:42:00	464,260	5192:11:00	3,750,000,000											179:02:00	36,310,000,000									174:42:00	464,270	174:42:00	464,270	174:42:00	464,270	174:42:00	464,270	370:40:00	1,620,000																																																																																							11135:21:00	3,300,000,000,000																																																
46			184:15:00	493,810	184:15:00	493,810	184:15:00	493,810	184:15:00	493,810	325:46:00	1,500,000	171:27:00	1,730,000											184:15:00	493,810	184:15:00	493,810	184:15:00	493,810	184:15:00	493,810	184:16:00	493,820	171374:06:00	58,910,000,000					184:15:00	493,810	184:15:00	493,810	184:15:00	493,810	5579:49:00	4,100,000,000											188:34:00	38,550,000,000									184:16:00	493,820	184:16:00	493,820	184:16:00	493,820	184:16:00	493,820	392:45:00	1,730,000																																																																																							12037:45:00	3,690,000,000,000																																																
47			194:07:00	524,530	194:07:00	524,530	194:07:00	524,530	194:07:00	524,530	344:19:00	1,600,000	179:20:00	1,860,000											194:07:00	524,530	194:07:00	524,530	194:07:00	524,530	194:07:00	524,530	194:07:00	524,540	187897:48:00	65,320,000,000					194:07:00	524,530	194:07:00	524,530	194:07:00	524,530	6008:15:00	4,480,000,000											198:24:00	40,900,000,000									194:07:00	524,540	194:07:00	524,540	194:07:00	524,540	194:07:00	524,540	415:37:00	1,860,000																																																																																							12991:32:00	4,120,000,000,000																																																
48			204:17:00	556,430	204:17:00	556,430	204:17:00	556,430	204:17:00	556,430	363:30:00	1,710,000	187:22:00	1,990,000											204:17:00	556,430	204:17:00	556,430	204:17:00	556,430	204:17:00	556,430	204:17:00	556,440	205610:52:00	72,260,000,000					204:17:00	556,430	204:17:00	556,430	204:17:00	556,430	6448:06:00	4,880,000,000											208:32:00	43,360,000,000									204:17:00	556,440	204:17:00	556,440	204:17:00	556,440	204:17:00	556,440	439:17:00	1,990,000																																																																																							13998:23:00	4,590,000,000,000																																																
49			214:45:00	589,550	214:45:00	589,550	214:45:00	589,550	214:45:00	589,550	383:20:00	1,810,000	195:34:00	2,120,000											214:45:00	589,550	214:45:00	589,550	214:45:00	589,550	214:45:00	589,550	214:45:00	589,560	224570:52:00	79,780,000,000					214:45:00	589,550	214:45:00	589,550	214:45:00	589,550	6909:58:00	5,310,000,000											218:58:00	45,930,000,000									214:45:00	589,560	214:45:00	589,560	214:45:00	589,560	214:45:00	589,560	463:47:00	2,120,000																																																																																							15060:04:00	5,100,000,000,000																																																
50			225:31:00	623,890	225:31:00	623,890	225:31:00	623,890	225:31:00	623,890	403:48:00	1,930,000	203:56:00	2,260,000											225:31:00	623,890	225:31:00	623,890	225:31:00	623,890	225:31:00	623,890	225:32:00	623,890	244836:58:00	87,900,000,000					225:31:00	623,890	225:31:00	623,890	225:31:00	623,890	7394:27:00	5,760,000,000											229:43:00	48,610,000,000									225:32:00	623,890	225:32:00	623,890	225:32:00	623,890	225:32:00	623,890	489:05:00	2,260,000																																																																																							16178:20:00	5,650,000,000,000																																																
51			236:37:00	659,490	236:37:00	659,490	236:37:00	659,490	236:37:00	659,490	424:59:00	2,040,000	212:28:00	2,400,000											236:37:00	659,490	236:37:00	659,490	236:37:00	659,490	236:37:00	659,490	236:37:00	659,500							236:37:00	659,490	236:37:00	659,490	236:37:00	659,490																							236:37:00	659,500	236:37:00	659,500	236:37:00	659,500	236:37:00	659,500	515:14:00	2,400,000																																																																																							17354:57:00	6,250,000,000,000																																																
52			248:00:00	696,340	248:00:00	696,340	248:00:00	696,340	248:00:00	696,340	446:43:00	2,170,000	221:09:00	2,560,000											248:00:00	696,340	248:00:00	696,340	248:00:00	696,340	248:00:00	696,340	248:00:00	696,350							248:00:00	696,340	248:00:00	696,340	248:00:00	696,340																							248:00:00	696,350	248:00:00	696,350	248:00:00	696,350	248:00:00	696,350	542:14:00	2,560,000																																																																																							18591:43:00	6,900,000,000,000																																																
53			259:43:00	734,490	259:43:00	734,490	259:43:00	734,490	259:43:00	734,490	469:11:00	2,290,000	229:59:00	2,720,000											259:43:00	734,490	259:43:00	734,490	259:43:00	734,490	259:43:00	734,490	259:43:00	734,500							259:43:00	734,490	259:43:00	734,490	259:43:00	734,490																							259:43:00	734,500	259:43:00	734,500	259:43:00	734,500	259:43:00	734,500	570:05:00	2,720,000																																																																																							19890:28:00	7,600,000,000,000																																																
54			271:45:00	773,940	271:45:00	773,940	271:45:00	773,940	271:45:00	773,940	492:19:00	2,420,000	238:59:00	2,880,000											271:45:00	773,940	271:45:00	773,940	271:45:00	773,940	271:45:00	773,940	271:45:00	773,950							271:45:00	773,940	271:45:00	773,940	271:45:00	773,940																							271:45:00	773,950	271:45:00	773,950	271:45:00	773,950	271:45:00	773,950	598:48:00	2,880,000																																																																																							21253:01:00	8,360,000,000,000																																																
55			284:06:00	814,710	284:06:00	814,710	284:06:00	814,710	284:06:00	814,710	516:07:00	2,560,000	248:08:00	3,050,000											284:06:00	814,710	284:06:00	814,710	284:06:00	814,710	284:06:00	814,710	284:06:00	814,720							284:06:00	814,710	284:06:00	814,710	284:06:00	814,710																							284:06:00	814,720	284:06:00	814,720	284:06:00	814,720	284:06:00	814,720	628:24:00	3,050,000																																																																																							22681:12:00	9,180,000,000,000																																																
56			296:46:00	856,830	296:46:00	856,830	296:46:00	856,830	296:46:00	856,830	540:38:00	2,700,000	257:26:00	3,230,000											296:46:00	856,830	296:46:00	856,830	296:46:00	856,830	296:46:00	856,830	296:46:00	856,840							296:46:00	856,830	296:46:00	856,830	296:46:00	856,830																							296:46:00	856,840	296:46:00	856,840	296:46:00	856,840	296:46:00	856,840	658:52:00	3,230,000																																																																																							24176:54:00	10,070,000,000,000																																																
57			309:46:00	900,300	309:46:00	900,300	309:46:00	900,300	309:46:00	900,300	565:50:00	2,840,000	266:54:00	3,420,000											309:46:00	900,300	309:46:00	900,300	309:46:00	900,300	309:46:00	900,300	309:46:00	900,310							309:46:00	900,300	309:46:00	900,300	309:46:00	900,300																							309:46:00	900,310	309:46:00	900,310	309:46:00	900,310	309:46:00	900,310	690:15:00	3,420,000																																																																																							25742:01:00	11,010,000,000,000																																																
58			323:05:00	945,160	323:05:00	945,160	323:05:00	945,160	323:05:00	945,160	591:44:00	2,990,000	276:30:00	3,610,000											323:05:00	945,160	323:05:00	945,160	323:05:00	945,160	323:05:00	945,160	323:05:00	945,160							323:05:00	945,160	323:05:00	945,160	323:05:00	945,160																							323:05:00	945,160	323:05:00	945,160	323:05:00	945,160	323:05:00	945,160	722:32:00	3,610,000																																																																																							27378:25:00	12,030,000,000,000																																																
59			336:44:00	991,410	336:44:00	991,410	336:44:00	991,410	336:44:00	991,410	618:21:00	3,150,000	286:16:00	3,810,000											336:44:00	991,410	336:44:00	991,410	336:44:00	991,410	336:44:00	991,410	336:45:00	991,420							336:44:00	991,410	336:44:00	991,410	336:44:00	991,410																							336:45:00	991,420	336:45:00	991,420	336:45:00	991,420	336:45:00	991,420	755:43:00	3,810,000																																																																																							29088:03:00	13,130,000,000,000																																																
60			350:43:00	1,040,000	350:43:00	1,040,000	350:43:00	1,040,000	350:43:00	1,040,000	645:40:00	3,310,000	296:11:00	4,020,000											350:43:00	1,040,000	350:43:00	1,040,000	350:43:00	1,040,000	350:43:00	1,040,000	350:44:00	1,040,000							350:43:00	1,040,000	350:43:00	1,040,000	350:43:00	1,040,000																							350:44:00	1,040,000	350:44:00	1,040,000	350:44:00	1,040,000	350:44:00	1,040,000	789:50:00	4,020,000																																																																																							30872:50:00	14,300,000,000,000																																																
61			365:03:00	1,090,000	365:03:00	1,090,000	365:03:00	1,090,000	365:03:00	1,090,000	673:44:00	3,470,000	306:14:00	4,230,000											365:03:00	1,090,000	365:03:00	1,090,000	365:03:00	1,090,000	365:03:00	1,090,000	365:03:00	1,090,000							365:03:00	1,090,000	365:03:00	1,090,000	365:03:00	1,090,000																							365:03:00	1,090,000	365:03:00	1,090,000	365:03:00	1,090,000	365:03:00	1,090,000	824:54:00	4,230,000																																																																																							32734:43:00	15,550,000,000,000																																																
62			379:42:00	1,140,000	379:42:00	1,140,000	379:42:00	1,140,000	379:42:00	1,140,000	702:31:00	3,640,000	316:27:00	4,450,000											379:42:00	1,140,000	379:42:00	1,140,000	379:42:00	1,140,000	379:42:00	1,140,000	379:42:00	1,140,000							379:42:00	1,140,000	379:42:00	1,140,000	379:42:00	1,140,000																							379:42:00	1,140,000	379:42:00	1,140,000	379:42:00	1,140,000	379:42:00	1,140,000	860:53:00	4,450,000																																																																																							34675:41:00	16,890,000,000,000																																																
63			394:41:00	1,190,000	394:41:00	1,190,000	394:41:00	1,190,000	394:41:00	1,190,000	732:02:00	3,810,000	326:48:00	4,680,000											394:41:00	1,190,000	394:41:00	1,190,000	394:41:00	1,190,000	394:41:00	1,190,000	394:41:00	1,190,000							394:41:00	1,190,000	394:41:00	1,190,000	394:41:00	1,190,000																							394:41:00	1,190,000	394:41:00	1,190,000	394:41:00	1,190,000	394:41:00	1,190,000	897:50:00	4,680,000																																																																																							36697:42:00	18,320,000,000,000																																																
64			410:01:00	1,240,000	410:01:00	1,240,000	410:01:00	1,240,000	410:01:00	1,240,000	762:18:00	3,990,000	337:18:00	4,920,000											410:01:00	1,240,000	410:01:00	1,240,000	410:01:00	1,240,000	410:01:00	1,240,000	410:01:00	1,240,000							410:01:00	1,240,000	410:01:00	1,240,000	410:01:00	1,240,000																							410:01:00	1,240,000	410:01:00	1,240,000	410:01:00	1,240,000	410:01:00	1,240,000	935:45:00	4,920,000																																																																																							38802:47:00	19,850,000,000,000																																																
65			425:42:00	1,300,000	425:42:00	1,300,000	425:42:00	1,300,000	425:42:00	1,300,000	793:19:00	4,180,000	347:57:00	5,170,000											425:42:00	1,300,000	425:42:00	1,300,000	425:42:00	1,300,000	425:42:00	1,300,000	425:42:00	1,300,000							425:42:00	1,300,000	425:42:00	1,300,000	425:42:00	1,300,000																							425:42:00	1,300,000	425:42:00	1,300,000	425:42:00	1,300,000	425:42:00	1,300,000	974:38:00	5,170,000																																																																																							40992:57:00	21,470,000,000,000																																																
66			441:43:00	1,360,000	441:43:00	1,360,000	441:43:00	1,360,000	441:43:00	1,360,000	825:05:00	4,360,000	358:44:00	5,420,000											441:43:00	1,360,000	441:43:00	1,360,000	441:43:00	1,360,000	441:43:00	1,360,000	441:43:00	1,360,000							441:43:00	1,360,000	441:43:00	1,360,000	441:43:00	1,360,000																							441:43:00	1,360,000	441:43:00	1,360,000	441:43:00	1,360,000	441:43:00	1,360,000	1014:30:00	5,420,000																																																																																							43270:13:00	23,210,000,000,000																																																
67			458:05:00	1,410,000	458:05:00	1,410,000	458:05:00	1,410,000	458:05:00	1,410,000	857:38:00	4,560,000	369:40:00	5,680,000											458:05:00	1,410,000	458:05:00	1,410,000	458:05:00	1,410,000	458:05:00	1,410,000	458:05:00	1,410,000							458:05:00	1,410,000	458:05:00	1,410,000	458:05:00	1,410,000																							458:05:00	1,410,000	458:05:00	1,410,000	458:05:00	1,410,000	458:05:00	1,410,000	1055:21:00	5,680,000																																																																																							45636:39:00	25,050,000,000,000																																																
68			474:48:00	1,470,000	474:48:00	1,470,000	474:48:00	1,470,000	474:48:00	1,470,000	890:56:00	4,760,000	380:44:00	5,960,000											474:48:00	1,470,000	474:48:00	1,470,000	474:48:00	1,470,000	474:48:00	1,470,000	474:48:00	1,470,000							474:48:00	1,470,000	474:48:00	1,470,000	474:48:00	1,470,000																							474:48:00	1,470,000	474:48:00	1,470,000	474:48:00	1,470,000	474:48:00	1,470,000	1097:12:00	5,960,000																																																																																							48094:00:00	27,000,000,000,000																																																
69			491:52:00	1,530,000	491:52:00	1,530,000	491:52:00	1,530,000	491:52:00	1,530,000	925:01:00	4,960,000	391:57:00	6,240,000											491:52:00	1,530,000	491:52:00	1,530,000	491:52:00	1,530,000	491:52:00	1,530,000	491:52:00	1,530,000							491:52:00	1,530,000	491:52:00	1,530,000	491:52:00	1,530,000																							491:52:00	1,530,000	491:52:00	1,530,000	491:52:00	1,530,000	491:52:00	1,530,000	1140:04:00	6,240,000																																																																																							50645:18:00	29,080,000,000,000																																																
70			509:17:00	1,600,000	509:17:00	1,600,000	509:17:00	1,600,000	509:17:00	1,600,000	959:53:00	5,170,000	403:18:00	6,520,000											509:17:00	1,600,000	509:17:00	1,600,000	509:17:00	1,600,000	509:17:00	1,600,000	509:17:00	1,600,000							509:17:00	1,600,000	509:17:00	1,600,000	509:17:00	1,600,000																							509:17:00	1,600,000	509:17:00	1,600,000	509:17:00	1,600,000	509:17:00	1,600,000	1183:57:00	6,520,000																																																																																							53291:40:00	31,280,000,000,000																																																
71			527:04:00	1,660,000	527:04:00	1,660,000	527:04:00	1,660,000	527:04:00	1,660,000	995:32:00	5,390,000	414:48:00	6,820,000											527:04:00	1,660,000	527:04:00	1,660,000	527:04:00	1,660,000	527:04:00	1,660,000	527:04:00	1,660,000							527:04:00	1,660,000	527:04:00	1,660,000	527:04:00	1,660,000																							527:04:00	1,660,000	527:04:00	1,660,000	527:04:00	1,660,000	527:04:00	1,660,000	1228:51:00	6,820,000																																																																																							56035:34:00	33,610,000,000,000																																																
72			545:12:00	1,730,000	545:12:00	1,730,000	545:12:00	1,730,000	545:12:00	1,730,000	1031:59:00	5,610,000	426:26:00	7,130,000											545:12:00	1,730,000	545:12:00	1,730,000	545:12:00	1,730,000	545:12:00	1,730,000	545:12:00	1,730,000							545:12:00	1,730,000	545:12:00	1,730,000	545:12:00	1,730,000																							545:12:00	1,730,000	545:12:00	1,730,000	545:12:00	1,730,000	545:12:00	1,730,000	1274:47:00	7,130,000																																																																																							58879:06:00	36,080,000,000,000																																																
73			563:41:00	1,800,000	563:41:00	1,800,000	563:41:00	1,800,000	563:41:00	1,800,000	1069:14:00	5,840,000	438:12:00	7,440,000											563:41:00	1,800,000	563:41:00	1,800,000	563:41:00	1,800,000	563:41:00	1,800,000	563:41:00	1,800,000							563:41:00	1,800,000	563:41:00	1,800,000	563:41:00	1,800,000																							563:41:00	1,800,000	563:41:00	1,800,000	563:41:00	1,800,000	563:41:00	1,800,000	1321:46:00	7,440,000																																																																																							61824:26:00	38,700,000,000,000																																																
74			582:32:00	1,870,000	582:32:00	1,870,000	582:32:00	1,870,000	582:32:00	1,870,000	1107:18:00	6,070,000	450:07:00	7,770,000											582:32:00	1,870,000	582:32:00	1,870,000	582:32:00	1,870,000	582:32:00	1,870,000	582:33:00	1,870,000							582:32:00	1,870,000	582:32:00	1,870,000	582:32:00	1,870,000																							582:33:00	1,870,000	582:33:00	1,870,000	582:33:00	1,870,000	582:33:00	1,870,000	1369:49:00	7,770,000																																																																																							64873:43:00	41,460,000,000,000																																																
75			601:46:00	1,940,000	601:46:00	1,940,000	601:46:00	1,940,000	601:46:00	1,940,000	1146:10:00	6,300,000	462:10:00	8,100,000											601:46:00	1,940,000	601:46:00	1,940,000	601:46:00	1,940,000	601:46:00	1,940,000	601:46:00	1,940,000							601:46:00	1,940,000	601:46:00	1,940,000	601:46:00	1,940,000																							601:46:00	1,940,000	601:46:00	1,940,000	601:46:00	1,940,000	601:46:00	1,940,000	1418:55:00	8,100,000																																																																																							68029:06:00	44,380,000,000,000																																																
76			621:20:00	2,010,000	621:20:00	2,010,000	621:20:00	2,010,000	621:20:00	2,010,000	1185:51:00	6,550,000	474:20:00	8,450,000											621:20:00	2,010,000	621:20:00	2,010,000	621:20:00	2,010,000	621:20:00	2,010,000	621:21:00	2,010,000							621:20:00	2,010,000	621:20:00	2,010,000	621:20:00	2,010,000																							621:21:00	2,010,000	621:21:00	2,010,000	621:21:00	2,010,000	621:21:00	2,010,000	1469:05:00	8,450,000																																																																																							71292:00:00	47,460,000,000,000																																																
77			641:18:00	2,080,000	641:18:00	2,080,000	641:18:00	2,080,000	641:18:00	2,080,000	1226:23:00	6,800,000	486:39:00	8,800,000											641:18:00	2,080,000	641:18:00	2,080,000	641:18:00	2,080,000	641:18:00	2,080,000	641:18:00	2,080,000							641:18:00	2,080,000	641:18:00	2,080,000	641:18:00	2,080,000																							641:18:00	2,080,000	641:18:00	2,080,000	641:18:00	2,080,000	641:18:00	2,080,000	1520:19:00	8,800,000																																																																																							74667:01:00	50,710,000,000,000																																																
78			661:37:00	2,160,000	661:37:00	2,160,000	661:37:00	2,160,000	661:37:00	2,160,000	1267:43:00	7,050,000	499:06:00	9,170,000											661:37:00	2,160,000	661:37:00	2,160,000	661:37:00	2,160,000	661:37:00	2,160,000	661:37:00	2,160,000							661:37:00	2,160,000	661:37:00	2,160,000	661:37:00	2,160,000																							661:37:00	2,160,000	661:37:00	2,160,000	661:37:00	2,160,000	661:37:00	2,160,000	1572:39:00	9,170,000																																																																																							78153:57:00	54,140,000,000,000																																																
79			682:18:00	2,240,000	682:18:00	2,240,000	682:18:00	2,240,000	682:18:00	2,240,000	1309:55:00	7,310,000	511:41:00	9,540,000											682:18:00	2,240,000	682:18:00	2,240,000	682:18:00	2,240,000	682:18:00	2,240,000	682:18:00	2,240,000							682:18:00	2,240,000	682:18:00	2,240,000	682:18:00	2,240,000																							682:18:00	2,240,000	682:18:00	2,240,000	682:18:00	2,240,000	682:18:00	2,240,000	1626:05:00	9,540,000																																																																																							81755:51:00	57,740,000,000,000																																																
80			703:22:00	2,320,000	703:22:00	2,320,000	703:22:00	2,320,000	703:22:00	2,320,000	1352:57:00	7,570,000	524:24:00	9,920,000											703:22:00	2,320,000	703:22:00	2,320,000	703:22:00	2,320,000	703:22:00	2,320,000	703:22:00	2,320,000							703:22:00	2,320,000	703:22:00	2,320,000	703:22:00	2,320,000																							703:22:00	2,320,000	703:22:00	2,320,000	703:22:00	2,320,000	703:22:00	2,320,000	1680:37:00	9,920,000																																																																																							85474:57:00	61,540,000,000,000																																																
81			724:48:00	2,400,000	724:48:00	2,400,000	724:48:00	2,400,000	724:48:00	2,400,000	1396:50:00	7,840,000	537:14:00	10,320,000											724:48:00	2,400,000	724:48:00	2,400,000	724:48:00	2,400,000			724:48:00	2,400,000							724:48:00	2,400,000	724:48:00	2,400,000	724:48:00	2,400,000																							724:48:00	2,400,000	724:48:00	2,400,000	724:48:00	2,400,000	724:48:00	2,400,000	1736:16:00	10,320,000																																																																																							89313:31:00	65,540,000,000,000																																																
82			746:37:00	2,480,000	746:37:00	2,480,000	746:37:00	2,480,000	746:37:00	2,480,000	1441:34:00	8,120,000	550:13:00	10,720,000											746:37:00	2,480,000	746:37:00	2,480,000	746:37:00	2,480,000			746:37:00	2,480,000							746:37:00	2,480,000	746:37:00	2,480,000	746:37:00	2,480,000																							746:37:00	2,480,000	746:37:00	2,480,000	746:37:00	2,480,000	746:37:00	2,480,000	1793:02:00	10,720,000																																																																																							93273:50:00	69,740,000,000,000																																																
83			768:49:00	2,570,000	768:49:00	2,570,000	768:49:00	2,570,000	768:49:00	2,570,000	1487:10:00	8,400,000	563:19:00	11,140,000											768:49:00	2,570,000	768:49:00	2,570,000	768:49:00	2,570,000			768:49:00	2,570,000							768:49:00	2,570,000	768:49:00	2,570,000	768:49:00	2,570,000																							768:49:00	2,570,000	768:49:00	2,570,000	768:49:00	2,570,000	768:49:00	2,570,000	1850:56:00	11,140,000																																																																																							97358:11:00	74,150,000,000,000																																																
84			791:24:00	2,650,000	791:24:00	2,650,000	791:24:00	2,650,000	791:24:00	2,650,000	1533:38:00	8,690,000	576:33:00	11,570,000											791:24:00	2,650,000	791:24:00	2,650,000	791:24:00	2,650,000			791:24:00	2,650,000							791:24:00	2,650,000	791:24:00	2,650,000	791:24:00	2,650,000																							791:24:00	2,650,000	791:24:00	2,650,000	791:24:00	2,650,000	791:24:00	2,650,000	1909:58:00	11,570,000																																																																																							101568:52:00	78,780,000,000,000																																																
85			814:21:00	2,740,000	814:21:00	2,740,000	814:21:00	2,740,000	814:21:00	2,740,000	1580:58:00	8,980,000	589:55:00	12,000,000											814:21:00	2,740,000	814:21:00	2,740,000	814:21:00	2,740,000			814:21:00	2,740,000							814:21:00	2,740,000	814:21:00	2,740,000	814:21:00	2,740,000																							814:21:00	2,740,000	814:21:00	2,740,000	814:21:00	2,740,000	814:21:00	2,740,000	1970:09:00	12,000,000																																																																																							105908:12:00	83,640,000,000,000																																																
86			837:42:00	2,830,000	837:42:00	2,830,000	837:42:00	2,830,000	837:42:00	2,830,000	1629:11:00	9,280,000	603:24:00	12,450,000											837:42:00	2,830,000	837:42:00	2,830,000	837:42:00	2,830,000			837:42:00	2,830,000							837:42:00	2,830,000	837:42:00	2,830,000	837:42:00	2,830,000																							837:42:00	2,830,000	837:42:00	2,830,000	837:42:00	2,830,000	837:42:00	2,830,000	2031:30:00	12,450,000																																																																																							111378:31:00	88,740,000,000,000																																																
87			861:26:00	2,930,000	861:26:00	2,930,000	861:26:00	2,930,000	861:26:00	2,930,000	1678:18:00	9,580,000	617:01:00	12,910,000											861:26:00	2,930,000	861:26:00	2,930,000	861:26:00	2,930,000			861:26:00	2,930,000							861:26:00	2,930,000	861:26:00	2,930,000	861:26:00	2,930,000																							861:26:00	2,930,000	861:26:00	2,930,000	861:26:00	2,930,000	861:26:00	2,930,000	2094:00:00	12,910,000																																																																																							114980:00:00	94,090,000,000,000																																																
88			885:33:00	3,020,000	885:33:00	3,020,000	885:33:00	3,020,000	885:33:00	3,020,000	1728:17:00	9,890,000	630:45:00	13,380,000											885:33:00	3,020,000	885:33:00	3,020,000	885:33:00	3,020,000			885:33:00	3,020,000							885:33:00	3,020,000	885:33:00	3,020,000	885:33:00	3,020,000																							885:33:00	3,020,000	885:33:00	3,020,000	885:33:00	3,020,000	885:33:00	3,020,000	2157:40:00	13,380,000																																																																																							118137:31:00	99,680,000,000,000																																																
89			910:03:00	3,120,000	910:03:00	3,120,000	910:03:00	3,120,000	910:03:00	3,120,000	1779:11:00	10,200,000	644:37:00	13,870,000											910:03:00	3,120,000	910:03:00	3,120,000	910:03:00	3,120,000			910:03:00	3,120,000							910:03:00	3,120,000	910:03:00	3,120,000	910:03:00	3,120,000																							910:03:00	3,120,000	910:03:00	3,120,000	910:03:00	3,120,000	910:03:00	3,120,000	2222:31:00	13,870,000																																																																																							124598:55:00	105,550,000,000,000																																																
90			934:57:00	3,220,000	934:57:00	3,220,000	934:57:00	3,220,000	934:57:00	3,220,000	1830:58:00	10,530,000	658:37:00	14,360,000											934:57:00	3,220,000	934:57:00	3,220,000	934:57:00	3,220,000			934:57:00	3,220,000							934:57:00	3,220,000	934:57:00	3,220,000	934:57:00	3,220,000																							934:57:00	3,220,000	934:57:00	3,220,000	934:57:00	3,220,000	934:57:00	3,220,000	2288:33:00	14,360,000																																																																																							129616:00:00	111,680,000,000,000																																																
91			960:15:00	3,320,000	960:15:00	3,320,000	960:15:00	3,320,000	960:15:00	3,320,000	1883:40:00	10,850,000	672:44:00	14,870,000											960:15:00	3,320,000	960:15:00	3,320,000	960:15:00	3,320,000			960:15:00	3,320,000							960:15:00	3,320,000	960:15:00	3,320,000	960:15:00	3,320,000																							960:15:00	3,320,000	960:15:00	3,320,000	960:15:00	3,320,000	960:15:00	3,320,000	2355:47:00	14,870,000																																																																																							134777:30:00	118,100,000,000,000																																																
92			985:56:00	3,420,000	985:56:00	3,420,000	985:56:00	3,420,000	985:56:00	3,420,000	1937:17:00	11,180,000	686:58:00	15,380,000											985:56:00	3,420,000	985:56:00	3,420,000	985:56:00	3,420,000			985:56:00	3,420,000							985:56:00	3,420,000	985:56:00	3,420,000	985:56:00	3,420,000																							985:56:00	3,420,000	985:56:00	3,420,000	985:56:00	3,420,000	985:56:00	3,420,000	2424:13:00	15,380,000																																																																																							140083:30:00	124,810,000,000,000																																																
93			1012:01:00	3,520,000	1012:01:00	3,520,000	1012:01:00	3,520,000	1012:01:00	3,520,000	1991:49:00	11,520,000	701:20:00	15,910,000											1012:01:00	3,520,000	1012:01:00	3,520,000	1012:01:00	3,520,000			1012:01:00	3,520,000							1012:01:00	3,520,000	1012:01:00	3,520,000	1012:01:00	3,520,000																							1012:01:00	3,520,000	1012:01:00	3,520,000	1012:01:00	3,520,000	1012:01:00	3,520,000	2493:52:00	15,910,000																																																																																							145537:11:00	131,820,000,000,000																																																
94			1038:30:00	3,630,000	1038:30:00	3,630,000	1038:30:00	3,630,000	1038:30:00	3,630,000	2047:16:00	11,860,000	715:49:00	16,460,000											1038:30:00	3,630,000	1038:30:00	3,630,000	1038:30:00	3,630,000			1038:30:00	3,630,000							1038:30:00	3,630,000	1038:30:00	3,630,000	1038:30:00	3,630,000																							1038:30:00	3,630,000	1038:30:00	3,630,000	1038:30:00	3,630,000	1038:30:00	3,630,000	2564:44:00	16,460,000																																																																																							151141:00:00	139,140,000,000,000																																																
95			1065:23:00	3,740,000	1065:23:00	3,740,000	1065:23:00	3,740,000	1065:23:00	3,740,000	2103:39:00	12,210,000	730:26:00	17,010,000											1065:23:00	3,740,000	1065:23:00	3,740,000	1065:23:00	3,740,000			1065:23:00	3,740,000							1065:23:00	3,740,000	1065:23:00	3,740,000	1065:23:00	3,740,000																							1065:23:00	3,740,000	1065:23:00	3,740,000	1065:23:00	3,740,000	1065:23:00	3,740,000	2636:50:00	17,010,000																																																																																							156897:25:00	146,780,000,000,000																																																
96			1092:40:00	3,850,000	1092:40:00	3,850,000	1092:40:00	3,850,000	1092:40:00	3,850,000	2160:59:00	12,570,000	745:10:00	17,580,000											1092:40:00	3,850,000	1092:40:00	3,850,000	1092:40:00	3,850,000			1092:40:00	3,850,000							1092:40:00	3,850,000	1092:40:00	3,850,000	1092:40:00	3,850,000																							1092:40:00	3,850,000	1092:40:00	3,850,000	1092:40:00	3,850,000	1092:40:00	3,850,000	2710:10:00	17,580,000																																																																																							162808:55:00	154,760,000,000,000																																																
97			1120:22:00	3,960,000	1120:22:00	3,960,000	1120:22:00	3,960,000	1120:22:00	3,960,000	2219:14:00	12,930,000	760:00:00	18,160,000											1120:22:00	3,960,000	1120:22:00	3,960,000	1120:22:00	3,960,000			1120:22:00	3,960,000							1120:22:00	3,960,000	1120:22:00	3,960,000	1120:22:00	3,960,000																							1120:22:00	3,960,000	1120:22:00	3,960,000	1120:22:00	3,960,000	1120:22:00	3,960,000	2784:44:00	18,160,000																																																																																							168877:55:00	163,070,000,000,000																																																
98			1148:27:00	4,070,000	1148:27:00	4,070,000	1148:27:00	4,070,000	1148:27:00	4,070,000	2278:27:00	13,290,000	774:59:00	18,750,000											1148:27:00	4,070,000	1148:27:00	4,070,000	1148:27:00	4,070,000			1148:27:00	4,070,000							1148:27:00	4,070,000	1148:27:00	4,070,000	1148:27:00	4,070,000																							1148:27:00	4,070,000	1148:27:00	4,070,000	1148:27:00	4,070,000	1148:27:00	4,070,000	2860:34:00	18,750,000																																																																																							175106:59:00	171,750,000,000,000																																																
99			1176:57:00	4,190,000	1176:57:00	4,190,000	1176:57:00	4,190,000	1176:57:00	4,190,000	2338:36:00	13,670,000	790:04:00	19,360,000											1176:57:00	4,190,000	1176:57:00	4,190,000	1176:57:00	4,190,000			1176:58:00	4,190,000							1176:57:00	4,190,000	1176:57:00	4,190,000	1176:57:00	4,190,000																							1176:58:00	4,190,000	1176:58:00	4,190,000	1176:58:00	4,190,000	1176:58:00	4,190,000	2937:39:00	19,360,000																																																																																							181498:32:00	180,780,000,000,000																																																
100																									1205:52:00	4,310,000															1205:52:00	4,310,000	1205:52:00	4,310,000	1205:52:00	4,310,000																																																																																																																							188055:13:00	190,200,000,000,000																																																